observable_id,pauli_string,group_index,circuit_id
P0001,X2 Z3 Z4 X5 Y8 Y9,573,WT_TMP_G0574
P0002,X0 Z1 Z2 Z3 X4 X5 Z6 Z7 Z8 Z9 Z10 X11,571,WT_TMP_G0572
P0003,X2 Z3 Z4 Y5 Y6 Z7 Z8 X9,570,WT_TMP_G0571
P0004,Y0 Z1 X2 X4 Z5 Z6 Z7 Y8,569,WT_TMP_G0570
P0005,X0 Z1 X2 Y3 Z4 Z5 Z6 Z7 Z8 Z9 Z10 Y11,568,WT_TMP_G0569
P0006,X0 Z1 Z2 X3 X5 Z6 Z7 Z8 Z9 X10,565,WT_TMP_G0566
P0007,Y1 X2 X6 Z7 Z8 Z9 Z10 Y11,563,WT_TMP_G0564
P0008,Y2 Z3 Z4 Z5 Y6 X7 Z8 X9,562,WT_TMP_G0563
P0009,X2 Z3 Z4 Z5 Z6 Y7 Y9 X10,561,WT_TMP_G0562
P0010,X1 Z2 Z3 Z4 X5 Y9 Z10 Y11,560,WT_TMP_G0561
P0011,X0 Z1 Z2 Z3 Z4 Y5 Y6 Z7 Z8 Z9 Z10 X11,557,WT_TMP_G0558
P0012,X1 Z2 Z3 X4 X6 Z7 Z8 Z9 Z10 X11,555,WT_TMP_G0556
P0013,Y3 Z4 Z5 Z6 Y7 Y8 Z9 Y10,554,WT_TMP_G0555
P0014,X2 X3 Y6 Z7 Z8 Y9,553,WT_TMP_G0554
P0015,X2 X3 Y6 Z7 Z8 Z9 Z10 Y11,552,WT_TMP_G0553
P0016,Y1 Z2 Z3 Z4 Z5 Y6 Y8 Z9 Z10 Y11,550,WT_TMP_G0551
P0017,X0 Z1 Z2 Z3 Z4 Z5 X6 X9 Z10 X11,549,WT_TMP_G0550
P0018,Y0 Z1 Z2 Z3 Z4 X5 X6 Z7 Z8 Z9 Z10 Y11,548,WT_TMP_G0549
P0019,X1 Z2 Z3 Z4 Y5 Y7 Z8 X9,547,WT_TMP_G0548
P0020,Y3 Z4 X5 X7 Z8 Y9,545,WT_TMP_G0546
P0021,X0 Z1 Z2 Z3 Z4 Y5 Y7 Z8 Z9 X10,544,WT_TMP_G0545
P0022,X1 Z2 Z3 Z4 X5 Y7 Z8 Z9 Z10 Y11,540,WT_TMP_G0541
P0023,Y0 Z1 Z2 Z3 Z4 Z5 Z6 Z7 Z8 Y9 X10 X11,538,WT_TMP_G0539
P0024,X1 Z2 Z3 Z4 Z5 Z6 X7 X9 Z10 X11,534,WT_TMP_G0535
P0025,Y3 Y4 X7 Z8 Z9 X10,530,WT_TMP_G0531
P0026,X0 Z1 Z2 X3 Y6 Z7 Z8 Z9 Z10 Y11,529,WT_TMP_G0530
P0027,Y2 Z3 Z4 Z5 Y6 X7 Z8 Z9 Z10 X11,528,WT_TMP_G0529
P0028,Y0 Z1 Y2 Y4 Z5 Z6 Z7 Z8 Z9 Y10,525,WT_TMP_G0526
P0029,Y0 Z1 Y2 X4 Z5 Z6 Z7 X8,519,WT_TMP_G0520
P0030,X2 Z3 X4 X6 Z7 Z8 Z9 X10,517,WT_TMP_G0518
P0031,X3 Y4 Y6 Z7 Z8 Z9 Z10 X11,516,WT_TMP_G0517
P0032,X2 Z3 X4 X5 Z6 Z7 Z8 X9,515,WT_TMP_G0516
P0033,Y0 Z1 Z2 Z3 Z4 Z5 Z6 Y7 X8 Z9 Z10 X11,514,WT_TMP_G0515
P0034,Y0 Z1 Z2 Z3 Z4 Z5 Y6 Y7 Z8 Z9 Z10 Y11,513,WT_TMP_G0514
P0035,Y1 Z2 X3 X5 Z6 Y7,512,WT_TMP_G0513
P0036,X3 X4 Y7 Z8 Z9 Y10,512,WT_TMP_G0513
P0037,X2 Z3 X4 X8 Z9 X10,511,WT_TMP_G0512
P0038,Y1 Z2 Z3 Z4 Y5 X6 Z7 Z8 Z9 X10,510,WT_TMP_G0511
P0039,Y4 Z5 Z6 Y7 Y9 Y10,509,WT_TMP_G0510
P0040,Y1 Y2 Y6 Z7 Z8 Z9 Z10 Y11,506,WT_TMP_G0507
P0041,Y0 Z1 Z2 Y3 Y7 Y8,505,WT_TMP_G0506
P0042,X4 Y5 Y8 X9,505,WT_TMP_G0506
P0043,X4 X5 Y6 Z7 Z8 Z9 Z10 Y11,504,WT_TMP_G0505
P0044,Y1 Z2 Z3 X4 X5 Y6,504,WT_TMP_G0505
P0045,X1 Y2 Y4 Z5 Z6 Z7 Z8 Z9 Z10 X11,503,WT_TMP_G0504
P0046,Y3 Z4 Z5 Z6 X7 X9 Z10 Y11,502,WT_TMP_G0503
P0047,X0 Z1 Z2 Z3 Y4 Y8 Z9 X10,501,WT_TMP_G0502
P0048,Y3 Z4 Y5 Y8 Z9 Y10,498,WT_TMP_G0499
P0049,X2 Z3 X4 Y6 Z7 Z8 Z9 Y10,496,WT_TMP_G0497
P0050,X3 Z4 Y5 Y7 Z8 Z9 Z10 X11,494,WT_TMP_G0495
P0051,X5 Z6 Z7 X8 Y9 Y10,492,WT_TMP_G0493
P0052,Y1 Z2 Y3 X8 Z9 X10,491,WT_TMP_G0492
P0053,Y3 Z4 Z5 Z6 Z7 X8 X10 Y11,491,WT_TMP_G0492
P0054,Y1 Z2 Z3 X4 X6 Z7 Z8 Z9 Z10 Y11,490,WT_TMP_G0491
P0055,X1 Z2 Z3 Z4 Z5 X6 X8 Z9 Z10 X11,489,WT_TMP_G0490
P0056,X5 X6 X8 Z9 Z10 X11,488,WT_TMP_G0489
P0057,X0 Z1 Z2 Z3 X4 X6 Z7 X8,488,WT_TMP_G0489
P0058,X0 Z1 Z2 X3 Y6 Z7 Z8 Y9,483,WT_TMP_G0484
P0059,Y1 Y2 Y6 Z7 Z8 Y9,478,WT_TMP_G0479
P0060,X3 X4 X6 Z7 Z8 X9,477,WT_TMP_G0478
P0061,Y0 Z1 Z2 Z3 X4 X6 Z7 Z8 Z9 Y10,476,WT_TMP_G0477
P0062,Y3 X4 X7 Y8,474,WT_TMP_G0475
P0063,Y2 Y3 X4 Z5 Z6 X7,474,WT_TMP_G0475
P0064,Y0 Z1 Z2 Z3 Y4 Y7 Z8 Z9 Z10 Y11,473,WT_TMP_G0474
P0065,X0 Z1 Z2 X3 Y4 Z5 Z6 Y7,472,WT_TMP_G0473
P0066,X0 Z1 Z2 Z3 Z4 Y5 Y9 X10,471,WT_TMP_G0472
P0067,X1 X2 Y3 Z4 Z5 Z6 Z7 Z8 Z9 Y10,468,WT_TMP_G0469
P0068,X1 Z2 Z3 Z4 X5 Y8 Z9 Y10,467,WT_TMP_G0468
P0069,Y1 Z2 Y3 X4 Z5 X6,464,WT_TMP_G0465
P0070,Y1 Z2 Y3 Y7 Z8 Z9 Z10 Y11,464,WT_TMP_G0465
P0071,X2 Z3 X4 X7 Z8 X9,462,WT_TMP_G0463
P0072,Y1 Z2 Z3 X4 X6 Z7 Z8 Y9,461,WT_TMP_G0462
P0073,X2 Z3 Z4 X5 X7 Z8 Z9 X10,459,WT_TMP_G0460
P0074,X1 Z2 Z3 Z4 Z5 Y6 Y7 Z8 Z9 X10,457,WT_TMP_G0458
P0075,X2 Z3 Y4 Y6 Z7 Z8 Z9 X10,456,WT_TMP_G0457
P0076,Y2 Z3 Y4 Y5 Z6 Y7,454,WT_TMP_G0455
P0077,Y0 Z1 Y2 Y5 Z6 Y7,454,WT_TMP_G0455
P0078,Y2 Z3 Y4 Y7 Z8 Z9 Z10 Y11,454,WT_TMP_G0455
P0079,X2 Z3 Z4 X5 Y6 Y7,453,WT_TMP_G0454
P0080,X2 Z3 Z4 X5 Y8 Z9 Z10 Y11,453,WT_TMP_G0454
P0081,X5 X6 Y7 Z8 Z9 Y10,452,WT_TMP_G0453
P0082,Y2 Z3 Z4 Z5 Y6 X9 Z10 X11,451,WT_TMP_G0452
P0083,X1 Y2 Y6 Z7 Z8 X9,451,WT_TMP_G0452
P0084,X1 Z2 Z3 Z4 Z5 Z6 X7 Y9 Z10 Y11,449,WT_TMP_G0450
P0085,Y0 Z1 Y2 X3 Z4 Z5 Z6 Z7 Z8 X9,448,WT_TMP_G0449
P0086,X3 Z4 Y5 Y9 Z10 X11,447,WT_TMP_G0448
P0087,Y0 Z1 Z2 X3 X8 Z9 Z10 Y11,444,WT_TMP_G0445
P0088,Y0 Z1 Z2 Z3 Y4 X6 Z7 Z8 Z9 X10,443,WT_TMP_G0444
P0089,Y1 Z2 Z3 Z4 Z5 X6 X9 Y10,441,WT_TMP_G0442
P0090,Y5 Z6 Y7 X8 Z9 X10,440,WT_TMP_G0441
P0091,Y3 Z4 Z5 Y6 X7 Z8 Z9 X10,439,WT_TMP_G0440
P0092,X2 Z3 Z4 Z5 Z6 X7 Y10 Y11,438,WT_TMP_G0439
P0093,X4 Z5 Z6 Z7 X8 Z11,437,WT_TMP_G0438
P0094,Y0 Z1 Z2 Z3 Z4 X5 X7 Z8 Z9 Y10,436,WT_TMP_G0437
P0095,Y4 Z5 Z6 X7 X8 Y9,435,WT_TMP_G0436
P0096,Y3 Z4 Z5 X6 X8 Y9,434,WT_TMP_G0435
P0097,Y1 Z2 Z3 Z4 Z5 X6 X8 Y9,433,WT_TMP_G0434
P0098,Y3 Y4 Y6 Z7 Z8 Z9 Z10 Y11,431,WT_TMP_G0432
P0099,Y0 Z1 Z2 X3 X6 Z7 Z8 Y9,539,WT_TMP_G0540
P0100,Y1 Z2 Y3 Y4 Z5 Y6,431,WT_TMP_G0432
P0101,Y5 Z6 Z7 Y8 X9 X10,430,WT_TMP_G0431
P0102,X0 Z1 Z2 Z3 Z4 Y5 Y8 X9,430,WT_TMP_G0431
P0103,X0 Z1 Z2 Y3 Y4 Z5 Z6 Z7 Z8 Z9 Z10 X11,427,WT_TMP_G0428
P0104,X4 Z5 X6 X7 Z8 X9,462,WT_TMP_G0463
P0105,Y0 X1 X4 Z5 Z6 Z7 Z8 Z9 Z10 Y11,426,WT_TMP_G0427
P0106,Y2 X3 X4 Z5 Z6 Z7 Z8 Z9 Z10 Y11,426,WT_TMP_G0427
P0107,X2 Z3 Z4 Z5 Y6 Y8 Z9 X10,425,WT_TMP_G0426
P0108,X0 Z1 X2 X4 Z5 Z6 Z7 Z8 Z9 X10,422,WT_TMP_G0423
P0109,Z3 X4 Z5 Z6 Z7 Z8 Z9 X10,422,WT_TMP_G0423
P0110,X2 Z3 Z4 X5 X9 X10,421,WT_TMP_G0422
P0111,X0 X1 X5 Z6 Z7 X8,421,WT_TMP_G0422
P0112,Y0 Z1 Y2 Y5 Z6 Z7 Z8 Z9 Z10 Y11,420,WT_TMP_G0421
P0113,Y2 Z3 Y4 Y5 Z6 Z7 Z8 Z9 Z10 Y11,420,WT_TMP_G0421
P0114,Y4 X5 X6 Z7 Z8 Z9 Z10 Y11,418,WT_TMP_G0419
P0115,Y0 Z1 Z2 Z3 Z4 Z5 Z6 Y7 X10 X11,417,WT_TMP_G0418
P0116,Y0 Z1 Z2 Z3 Z4 Z5 Z6 Y7 X8 X9,417,WT_TMP_G0418
P0117,X1 Z2 Z3 Z4 Z5 Z6 X7 Y8 Z9 Y10,416,WT_TMP_G0417
P0118,X0 Z1 Z2 Z3 Z4 Z5 Z6 X7 Y8 Z9 Z10 Y11,414,WT_TMP_G0415
P0119,X6 Z7 X8 X9 Z10 X11,413,WT_TMP_G0414
P0120,Y5 Z6 X7 X9 Z10 Y11,412,WT_TMP_G0413
P0121,Y1 Z2 Z3 Z4 Y5 X7 Z8 X9,412,WT_TMP_G0413
P0122,X0 Z1 Z2 Z3 Z4 Z5 Z6 Z7 X8 X9 Z10 X11,411,WT_TMP_G0412
P0123,X3 X4 Y5 Z6 Z7 Z8 Z9 Y10,410,WT_TMP_G0411
P0124,X3 Z4 Z5 Z6 X7 Y8 Z9 Y10,480,WT_TMP_G0481
P0125,Y0 Y1 Y3 Z4 Z5 Z6 Z7 Z8 Z9 Y10,409,WT_TMP_G0410
P0126,Y3 Z4 Z5 Z6 Y7 Z11,554,WT_TMP_G0555
P0127,Y2 Z3 Y4 Y8 Z9 Y10,406,WT_TMP_G0407
P0128,Y0 Z1 Y2 Y4 Z5 Z6 Z7 Y8,406,WT_TMP_G0407
P0129,X3 Z4 Z5 Z6 X7 Z11,405,WT_TMP_G0406
P0130,Y0 Z1 Y2 X3 Z4 Z5 Z6 X7,405,WT_TMP_G0406
P0131,X3 Z4 Z5 Z6 X7 Z10,123,WT_TMP_G0124
P0132,X2 X3 Y4 Y5,400,WT_TMP_G0401
P0133,X5 Y6 Y7 Z8 Z9 X10,399,WT_TMP_G0400
P0134,X3 Y4 Y7 Z8 Z9 X10,399,WT_TMP_G0400
P0135,X5 Z7 Z8 X9,56,WT_TMP_G0057
P0136,Y3 Z4 Z5 X6 X7 Y8,397,WT_TMP_G0398
P0137,Y0 Z1 Z2 Z3 Z4 Z5 Z6 X7 X8 Z9 Z10 Y11,395,WT_TMP_G0396
P0138,Y2 Z3 Y4 X5 Z6 Z7 Z8 X9,523,WT_TMP_G0524
P0139,Y2 Y3 Y7 Z8 Z9 Y10,233,WT_TMP_G0234
P0140,X4 Y5 Y6 Z7 Z8 X9,394,WT_TMP_G0395
P0141,X2 Y3 Y6 Z7 Z8 X9,394,WT_TMP_G0395
P0142,X3 Z4 Z5 Z6 X7 Z9,405,WT_TMP_G0406
P0143,X0 Z1 Z2 X4,1,WT_TMP_G0002
P0144,X4 Z5 X6 X8 Z9 X10,389,WT_TMP_G0390
P0145,X1 Z2 X3 Y5 Z6 Z7 Z8 Z9 Z10 Y11,388,WT_TMP_G0389
P0146,X4 Z5 X6 Y9 Z10 Y11,386,WT_TMP_G0387
P0147,Y0 Z1 Y2 X3 Z4 X5,359,WT_TMP_G0360
P0148,Z2 Y3 Z4 Z5 Z6 Z7 Z8 Z9 Z10 Y11,383,WT_TMP_G0384
P0149,Y2 Z3 Z4 Y5 Y7 Z8 Z9 Y10,526,WT_TMP_G0527
P0150,X4 Z5 Y6 Y8 Z9 X10,148,WT_TMP_G0149
P0151,X0 Z1 Z2 Z3 Z4 Z5 X6 Y8 Z9 Y10,255,WT_TMP_G0256
P0152,Y1 Z2 Z3 Z4 X5 X7 Z8 Z9 Z10 Y11,380,WT_TMP_G0381
P0153,X0 Y1 Y2 Z3 Z4 Z5 Z6 Z7 Z8 Z9 Z10 X11,378,WT_TMP_G0379
P0154,Y2 Z3 Z4 Z5 Z6 X7 X9 Y10,183,WT_TMP_G0184
P0155,X0 Z1 Z2 Z3 X4 Y7 Z8 Z9 Z10 Y11,376,WT_TMP_G0377
P0156,Y0 Z1 Z2 Z3 Y4 X5 Z6 Z7 Z8 X9,374,WT_TMP_G0375
P0157,Y0 Z1 Z2 Z3 Y4 X9 Z10 X11,374,WT_TMP_G0375
P0158,Y6 Y7 X8 Z9 Z10 X11,372,WT_TMP_G0373
P0159,Z3 Y4 Z5 Z6 Z7 Y8,57,WT_TMP_G0058
P0160,X3 Z4 Y5 Y7 Z8 X9,370,WT_TMP_G0371
P0161,Y1 Z2 Z3 X4 X7 Z8 Z9 Y10,129,WT_TMP_G0130
P0162,X1 Z2 X3 Y5 Z6 Y7,370,WT_TMP_G0371
P0163,Y2 Z3 Z4 Z5 Z6 Y7 Y9 Y10,369,WT_TMP_G0370
P0164,X3 Z4 Z5 X6 Y7 Y8,286,WT_TMP_G0287
P0165,Y1 Z2 Z3 Z4 Z5 Z6 Z7 Y8 Y10 Y11,364,WT_TMP_G0365
P0166,Y0 Z1 Z2 Z3 Y4 X5 Z6 Z7 Z8 Z9 Z10 X11,361,WT_TMP_G0362
P0167,X1 X2 X6 Z7 Z8 Z9 Z10 X11,533,WT_TMP_G0534
P0168,Y5 X6 X7 Y8,358,WT_TMP_G0359
P0169,X1 Z2 Z3 Y4 Y8 X9,358,WT_TMP_G0359
P0170,X3 Z4 Z5 X6 Y7 Z8 Z9 Y10,225,WT_TMP_G0226
P0171,X0 Z1 Z2 Z3 X4 Z6,115,WT_TMP_G0116
P0172,Y0 Z1 Z2 Z3 Z4 Y5 Y7 Y8,356,WT_TMP_G0357
P0173,X1 X2 X4 X5,354,WT_TMP_G0355
P0174,Z3 Y6 Z7 Z8 Z9 Y10,54,WT_TMP_G0055
P0175,X1 Z2 X3 Y4 Z5 Z6 Z7 Z8 Z9 Y10,360,WT_TMP_G0361
P0176,X0 X1 X5 Z6 Z7 Z8 Z9 X10,354,WT_TMP_G0355
P0177,X1 X2 X6 Z7 Z8 X9,353,WT_TMP_G0354
P0178,Y0 Z1 X2 X6 Z7 Y8,352,WT_TMP_G0353
P0179,Y0 Z1 X2 X4 Z5 Y6,148,WT_TMP_G0149
P0180,X3 Z4 Z5 X6 Y9 Y10,352,WT_TMP_G0353
P0181,Y5 X6 X7 Z8 Z9 Y10,351,WT_TMP_G0352
P0182,Z3 Y4 Z5 Y6,5,WT_TMP_G0006
P0183,Y3 Z4 Z5 Z7 Z8 Y9,30,WT_TMP_G0031
P0184,X1 Z2 Z3 Y4 Y7 X8,350,WT_TMP_G0351
P0185,Y0 Y1 X2 Z3 Z4 Z5 Z6 Z7 Z8 Z9 Z10 X11,349,WT_TMP_G0350
P0186,Y0 Y1 X4 Z5 Z6 X7,129,WT_TMP_G0130
P0187,X4 Z5 Z6 Y7 Y8 X9,348,WT_TMP_G0349
P0188,Y0 Z1 Z2 X3 X4 Z5 Z6 Y7,348,WT_TMP_G0349
P0189,Y0 Z1 Z2 X3 X4 Z5 Z6 Z7 Z8 Z9 Z10 Y11,197,WT_TMP_G0198
P0190,X0 Z1 Z2 Z3 X4 X7 Z8 Z9 Z10 X11,347,WT_TMP_G0348
P0191,X2 Z3 Z4 Z5 X6 X8 Z9 X10,343,WT_TMP_G0344
P0192,Y5 X6 X8 Y9,342,WT_TMP_G0343
P0193,Z0 Y5 Z6 Z7 Z8 Y9,107,WT_TMP_G0108
P0194,X1 Z2 Z3 X4 X6 Z7 Z8 X9,341,WT_TMP_G0342
P0195,X2 Z3 Z4 Y5 Y8 Z9 Z10 X11,339,WT_TMP_G0340
P0196,X2 Z3 Z4 Y5 Y6 X7,339,WT_TMP_G0340
P0197,X0 Z1 Y2 Y6 Z7 Z8 Z9 X10,338,WT_TMP_G0339
P0198,X2 Z3 Z4 Y5 Y6 Z7 Z8 Z9 Z10 X11,337,WT_TMP_G0338
P0199,Y4 X5 X6 Z7 Z8 Y9,58,WT_TMP_G0059
P0200,Y4 Z5 Z6 X7 X9 Y10,336,WT_TMP_G0337
P0201,Y4 Z5 Y6 X8 Z9 X10,224,WT_TMP_G0225
P0202,X1 Y2 Y4 Z5 Z6 X7,336,WT_TMP_G0337
P0203,Y3 X4 X7 Z8 Z9 Y10,335,WT_TMP_G0336
P0204,X1 Z2 Y3 Y5 Z6 X7,335,WT_TMP_G0336
P0205,Y1 Z2 Z3 Z4 Z5 X6 X8 Z9 Z10 Y11,334,WT_TMP_G0335
P0206,Y2 Y3 X4 Z5 Z6 Z7 Z8 Z9 Z10 X11,304,WT_TMP_G0305
P0207,Y2 Y3 Y9 Y10,333,WT_TMP_G0334
P0208,X5 Z6 X7 Y9 Z10 Y11,87,WT_TMP_G0088
P0209,Y3 X4 X6 Z7 Z8 Y9,333,WT_TMP_G0334
P0210,Y2 Z3 Z4 Z5 Y6 Y7 Z8 Z9 Z10 Y11,482,WT_TMP_G0483
P0211,X3 Z4 Z5 Z6 X7 X9 Z10 X11,123,WT_TMP_G0124
P0212,X2 Z3 X4 Y5 Z6 Z7 Z8 Y9,332,WT_TMP_G0333
P0213,X1 Z2 Z3 Y4 Y9 X10,329,WT_TMP_G0330
P0214,X1 Z2 Z3 Y4 Y5 Z6 Z7 X8,329,WT_TMP_G0330
P0215,X2 Z3 Z4 Z5 Z6 Y7 Y8 Z9 Z10 X11,328,WT_TMP_G0329
P0216,X6 Y7 Y10 X11,133,WT_TMP_G0134
P0217,Y2 Z3 Z4 Z5 Z6 X7 X8 Z9 Z10 Y11,322,WT_TMP_G0323
P0218,Y4 Z5 Z6 X7 X10 Y11,435,WT_TMP_G0436
P0219,X2 Z3 Z4 Z5 Z6 Y7 Y8 X9,321,WT_TMP_G0322
P0220,Y0 X1 X2 Z3 Z4 Z5 Z6 Y7,321,WT_TMP_G0322
P0221,Y2 Z3 Z4 Z5 Z6 Y7 X8 Z9 Z10 X11,316,WT_TMP_G0317
P0222,X2 Z3 Z4 Z5 Z6 Y7 Y10 X11,321,WT_TMP_G0322
P0223,Y3 Z4 Z5 Z6 Y7,13,WT_TMP_G0014
P0224,X6 X7 Y8 Z9 Z10 Y11,319,WT_TMP_G0320
P0225,X0 Z1 Z2 Z3 Z4 X5 Y8 Z9 Z10 Y11,319,WT_TMP_G0320
P0226,X0 Z1 X2 X7 Z8 Z9 Z10 X11,94,WT_TMP_G0095
P0227,Y4 Z5 X6 X8 Z9 Y10,318,WT_TMP_G0319
P0228,X0 Z1 Z2 Z3 Z4 Z5 Z6 Z7 Z8 Y9 Y10 X11,470,WT_TMP_G0471
P0229,Y2 Z3 Y4 X6 Z7 X8,318,WT_TMP_G0319
P0230,Y1 X2 X4 Z5 Z6 Z7 Z8 Z9 Z10 Y11,314,WT_TMP_G0315
P0231,Y0 Z1 Z2 Y3 Y5 Z6 Z7 Z8 Z9 Y10,313,WT_TMP_G0314
P0232,Y0 Z1 Y2 X7 Z8 X9,183,WT_TMP_G0184
P0233,Y3 Z4 X5 X7 Z8 Z9 Z10 Y11,312,WT_TMP_G0313
P0234,X6 Z8 Z9 X10,1,WT_TMP_G0002
P0235,Z1 X4 Z5 X6,1,WT_TMP_G0002
P0236,X0 Z1 Z2 Z3 X4 Y5 Z6 Z7 Z8 Y9,311,WT_TMP_G0312
P0237,Y2 X3 X4 Z5 Z6 Z7 Z8 Y9,432,WT_TMP_G0433
P0238,X1 Z2 Z3 Z4 X5 Z11,226,WT_TMP_G0227
P0239,Y2 Y3 Y5 Z6 Z7 Z8 Z9 Y10,306,WT_TMP_G0307
P0240,Z0 Y7 Z8 Y9,72,WT_TMP_G0073
P0241,Y1 X2 X7 Z8 Z9 Y10,355,WT_TMP_G0356
P0242,Z2 X3 Z4 Z5 Z6 X7,303,WT_TMP_G0304
P0243,Y0 Z1 Z2 Z3 Z4 Z5 Z6 Z7 Y8 Z11,310,WT_TMP_G0311
P0244,X0 Z1 X2 X8 Z9 X10,224,WT_TMP_G0225
P0245,Y2 Y3 X4 Z5 Z6 Z7 Z8 X9,301,WT_TMP_G0302
P0246,Y3 Z4 Y5 Y9 Z10 Y11,300,WT_TMP_G0301
P0247,Y1 Z2 Y3 Y5 Z6 Y7,300,WT_TMP_G0301
P0248,X0 Z1 Z2 Z3 X4 Y5 Z6 Y7,376,WT_TMP_G0377
P0249,Y4 Y5 X6 Z7 Z8 Z9 Z10 X11,104,WT_TMP_G0105
P0250,Y1 Z2 X3 X9 Z10 Y11,294,WT_TMP_G0295
P0251,X3 Z4 X5 X7 Z8 X9,294,WT_TMP_G0295
P0252,X2 Z3 Y4 Y6 Z7 X8,365,WT_TMP_G0366
P0253,Y1 Z2 Z3 Z4 Y5 Y7 Z8 Z9 Z10 Y11,293,WT_TMP_G0294
P0254,X0 X1 X5 X6,68,WT_TMP_G0069
P0255,X0 Z1 Z2 Z3 Z4 Z5 X6 X7 Z8 Z9 Z10 X11,291,WT_TMP_G0292
P0256,Y2 X3 X8 Z9 Z10 Y11,288,WT_TMP_G0289
P0257,X0 Z1 X2 Z5,2,WT_TMP_G0003
P0258,Y1 Y2 X3 Z4 Z5 Z6 Z7 X8,288,WT_TMP_G0289
P0259,X3 Z4 X5 X7 Z8 Z9 Z10 X11,287,WT_TMP_G0288
P0260,Y2 Z3 Z4 Z5 Z6 Z7 Z8 X9 X10 Y11,285,WT_TMP_G0286
P0261,X0 Z1 Z2 Y3 Y9 X10,282,WT_TMP_G0283
P0262,X4 Z5 Z6 Z7 X8,22,WT_TMP_G0023
P0263,Y2 Z3 Y4 Z6,26,WT_TMP_G0027
P0264,Y3 Z4 Z5 Y6 X7 X8,282,WT_TMP_G0283
P0265,X0 Z1 Z2 Z3 Z4 Y5 Y8 Z9 Z10 X11,281,WT_TMP_G0282
P0266,Y0 Z1 Y2 X8 Z9 X10,66,WT_TMP_G0067
P0267,Y6 Z7 Z8 Y9 X10 X11,279,WT_TMP_G0280
P0268,Z4 Y5 Z6 Z7 Z8 Y9,107,WT_TMP_G0108
P0269,Y1 Z2 Z3 Z4 Z5 Z6 Y7 Z10,36,WT_TMP_G0037
P0270,X0 Z1 Z2 Z3 Z4 X5 Y6 Z7 Z8 Y9,279,WT_TMP_G0280
P0271,X1 X2 Y7 Z8 Z9 Y10,278,WT_TMP_G0279
P0272,X0 Z1 Z2 Z3 X4 X5 Z6 X7,277,WT_TMP_G0278
P0273,Y4 Y5 X6 Z7 Z8 X9,275,WT_TMP_G0276
P0274,Y0 Y1 X6 Z7 Z8 Z9 Z10 X11,160,WT_TMP_G0161
P0275,Y1 Z2 Z3 Z4 Z5 Z6 Y7 Z9,274,WT_TMP_G0275
P0276,Y1 Y2 Y4 Z5 Z6 Z7 Z8 Z9 Z10 Y11,273,WT_TMP_G0274
P0277,Y7 X8 X9 Y10,272,WT_TMP_G0273
P0278,X1 Z2 Z3 Z4 Z5 Y6 Y8 X9,114,WT_TMP_G0115
P0279,X0 Z1 Z2 X3 Y4 Z5 Z6 Z7 Z8 Y9,228,WT_TMP_G0229
P0280,X3 Y4 Y7 X8,272,WT_TMP_G0273
P0281,Y1 Z2 Z3 Y4 X5 Z6 Z7 Z8 Z9 X10,484,WT_TMP_G0485
P0282,Z4 Y6 Z7 Z8 Z9 Y10,54,WT_TMP_G0055
P0283,Y3 Z4 Z5 Z6 Y7 Y9 Z10 Y11,221,WT_TMP_G0222
P0284,X0 Z1 Z2 Z3 X4 Y7 Z8 Y9,402,WT_TMP_G0403
P0285,X1 Z2 Z3 Y4 Y5 X6,275,WT_TMP_G0276
P0286,Y4 Z5 Z6 Y7 X8 X9,272,WT_TMP_G0273
P0287,X0 Z1 X2 X3 Z4 Z5 Z6 X7,123,WT_TMP_G0124
P0288,X0 X1 X7 Z8 Z9 X10,271,WT_TMP_G0272
P0289,X1 Z2 Z3 Z4 Z5 Z6 X7 Z8,271,WT_TMP_G0272
P0290,Y0 X1 X6 Z7 Z8 Y9,213,WT_TMP_G0214
P0291,Y1 Y2 X5 Z6 Z7 Z8 Z9 X10,269,WT_TMP_G0270
P0292,Y0 Z1 Z2 X3 X6 Y7,268,WT_TMP_G0269
P0293,X3 Z4 X5 Y7 Z8 Z9 Z10 Y11,268,WT_TMP_G0269
P0294,X0 Z1 X2 Y5 Z6 Z7 Z8 Y9,332,WT_TMP_G0333
P0295,X0 Z1 Z2 Y3 Y5 Z6 Z7 Z8 Z9 X10,393,WT_TMP_G0394
P0296,X0 Z1 Z2 X3 X7 X8,267,WT_TMP_G0268
P0297,X1 Z2 Z3 X4 Y5 Y6,326,WT_TMP_G0327
P0298,Y0 Z1 Z2 Z3 Z4 Z5 Z6 Z7 Z8 Y10,16,WT_TMP_G0017
P0299,Y1 Z2 Z3 Z4 Z6 Z7 Z8 Z9 Z10 Y11,174,WT_TMP_G0175
P0300,X2 Y3 Y8 X9,208,WT_TMP_G0209
P0301,X3 Z4 Z5 Y6 Y9 X10,267,WT_TMP_G0268
P0302,Y1 Z2 Z3 Y4 X7 Z8 Z9 X10,210,WT_TMP_G0211
P0303,Y1 Z2 Z3 Z4 Z5 Z6 Z7 Y8 X9 X10,363,WT_TMP_G0364
P0304,Y0 Z1 Z2 Z3 Y4 Y5 Z6 Y7,266,WT_TMP_G0267
P0305,Y2 Z3 Z4 Z5 Y6 X8 Z9 X10,265,WT_TMP_G0266
P0306,Y2 Z3 Y4 X8 Z9 X10,264,WT_TMP_G0265
P0307,Y1 Y2 X5 Z6 Z7 X8,264,WT_TMP_G0265
P0308,X0 Z1 Z2 Z3 Z4 Z5 Z6 Y7 Y8 X9,263,WT_TMP_G0264
P0309,Y6 Z7 Y8 Y9 Z10 Y11,262,WT_TMP_G0263
P0310,X0 Y1 Y4 Z5 Z6 Z7 Z8 X9,527,WT_TMP_G0528
P0311,X3 Z4 X5 Y6 Z7 Y8,262,WT_TMP_G0263
P0312,X0 Z1 Z2 Z3 Z4 X5 Y6 Z7 Z8 Z9 Z10 Y11,261,WT_TMP_G0262
P0313,X2 Y3 Y5 Z6 Z7 X8,305,WT_TMP_G0306
P0314,X2 Z3 Z4 Z5 X6 Z8,38,WT_TMP_G0039
P0315,Y0 X1 X5 Z6 Z7 Y8,260,WT_TMP_G0261
P0316,X3 Y4 Y8 Z9 Z10 X11,260,WT_TMP_G0261
P0317,Z0 X4 Z5 X6,60,WT_TMP_G0061
P0318,Y0 Z1 Z2 Z3 Z4 Z5 Z6 Y7 Y9 Y10,258,WT_TMP_G0259
P0319,Y1 Z2 Z3 Z4 Y5 Y6 Z7 Z8 Z9 Y10,256,WT_TMP_G0257
P0320,X0 Z1 Z2 Z3 Z4 Z5 X6 Z9,255,WT_TMP_G0256
P0321,X0 Z1 Z2 Z3 X4 Y6 Z7 Z8 Z9 Y10,254,WT_TMP_G0255
P0322,X2 Z3 Z4 X5 Y6 Z7 Z8 Z9 Z10 Y11,253,WT_TMP_G0254
P0323,Y0 Z1 Z2 X3 X6 Z7 Z8 Z9 Z10 Y11,250,WT_TMP_G0251
P0324,Y2 Y3 X8 Z9 Z10 X11,248,WT_TMP_G0249
P0325,X0 Z1 Z2 Y3 Y7 X8,389,WT_TMP_G0390
P0326,X0 Z1 Z2 Z3 Z4 Z5 Z6 X7 Y10 Y11,47,WT_TMP_G0048
P0327,Y2 Z3 Y4 X5 Z6 X7,219,WT_TMP_G0220
P0328,X0 Y1 Y3 Z4 Z5 Z6 Z7 X8,248,WT_TMP_G0249
P0329,X0 Y1 Y7 Z8 Z9 X10,396,WT_TMP_G0397
P0330,Y3 Z4 Z5 Z6 Z7 X8 X9 Y10,357,WT_TMP_G0358
P0331,X0 X1 Y4 Z5 Z6 Z7 Z8 Z9 Z10 Y11,245,WT_TMP_G0246
P0332,X2 X3 Y4 Z5 Z6 Z7 Z8 Z9 Z10 Y11,245,WT_TMP_G0246
P0333,Y6 X7 X8 Z9 Z10 Y11,244,WT_TMP_G0245
P0334,Y0 Y1 X2 Z3 Z4 Z5 Z6 Z7 Z8 X9,243,WT_TMP_G0244
P0335,X9 Z10 X11,35,WT_TMP_G0036
P0336,Z0 Y2 Z3 Z4 Z5 Z6 Z7 Z8 Z9 Y10,241,WT_TMP_G0242
P0337,Z3 Z10,2,WT_TMP_G0003
P0338,Y1 Y2 Y4 Y5,67,WT_TMP_G0068
P0339,Y2 Z3 Z4 Z5 Z6 Z7 Z8 Z9 Y10 Z11,241,WT_TMP_G0242
P0340,Y2 Z3 Z5 Z6 Z7 Z8 Z9 Y10,241,WT_TMP_G0242
P0341,Y0 Y1 X10 X11,135,WT_TMP_G0136
P0342,Z1 Y2 Z3 Z4 Z5 Z6 Z7 Z8 Z9 Y10,241,WT_TMP_G0242
P0343,X1 Y2 Y3 Z4 Z5 Z6 Z7 Z8 Z9 X10,239,WT_TMP_G0240
P0344,X5 Z6 Y7 Y9 Z10 X11,72,WT_TMP_G0073
P0345,Y0 Z1 Y2 Y7 Z8 Z9 Z10 Y11,237,WT_TMP_G0238
P0346,Y1 Z2 Z3 X4 X9 Y10,465,WT_TMP_G0466
P0347,X1 Z2 Y3 Y5 Z6 Z7 Z8 X9,236,WT_TMP_G0237
P0348,X0 Y1 Y2 Z3 Z4 Z5 Z6 X7,322,WT_TMP_G0323
P0349,X5 Y6 Y8 Z9 Z10 X11,235,WT_TMP_G0236
P0350,Y0 Z1 Z2 Y3 X6 X7,312,WT_TMP_G0313
P0351,Z0 X3 Z4 Z5 Z6 Z7 Z8 Z9 Z10 X11,259,WT_TMP_G0260
P0352,X2 X3 Y8 Y9,262,WT_TMP_G0263
P0353,X0 Z1 Z2 Z3 Z5 Z6 Z7 X8,37,WT_TMP_G0038
P0354,X1 Z2 Z3 Z4 Z5 X6 Y9 Y10,205,WT_TMP_G0206
P0355,Y0 Z1 Z2 Y3 X6 Z7 Z8 Z9 Z10 X11,234,WT_TMP_G0235
P0356,X5 Y6 Y7 X8,61,WT_TMP_G0062
P0357,Y1 Z2 Z3 Z4 Z5 Z7 Z8 Y9,229,WT_TMP_G0230
P0358,X1 Z2 Z3 Z4 X5 X9 Z10 X11,232,WT_TMP_G0233
P0359,Z0 Y1 Z2 Z3 Z4 Z5 Z6 Z7 Z8 Y9,229,WT_TMP_G0230
P0360,X3 Z4 X5 X8 Z9 X10,110,WT_TMP_G0111
P0361,Y1 Z2 Z3 Z4 Z5 Z6 Z7 Z8 Y9,229,WT_TMP_G0230
P0362,Y1 Z2 Z3 Z5 Z6 Z7 Z8 Y9,229,WT_TMP_G0230
P0363,Y0 Z1 Y2 Y9 Z10 Y11,26,WT_TMP_G0027
P0364,Y1 Z2 Z4 Z5 Z6 Z7 Z8 Y9,229,WT_TMP_G0230
P0365,Y1 X2 X3 Z4 Z5 Z6 Z7 Y8,346,WT_TMP_G0347
P0366,Y1 Z2 Z3 Z4 Z5 Z6 Z7 Z8 Y9 Z11,229,WT_TMP_G0230
P0367,Y0 Z1 Z2 Z3 Z4 Z5 Z6 Z7 Z8 Z9 Y10,16,WT_TMP_G0017
P0368,X1 Z2 Z3 Z4 X5 Z7,226,WT_TMP_G0227
P0369,Y0 Y1 Y7 Z8 Z9 Y10,225,WT_TMP_G0226
P0370,X2 X3 X7 X8,224,WT_TMP_G0225
P0371,Z10 Z11,14,WT_TMP_G0015
P0372,X0 Z1 Z2 Y3 Y8 X9,223,WT_TMP_G0224
P0373,Z5,1,WT_TMP_G0002
P0374,X0 Y1 Y2 X3,6,WT_TMP_G0007
P0375,Z5 Z11,1,WT_TMP_G0002
P0376,X1 X2 Y5 Z6 Z7 Y8,103,WT_TMP_G0104
P0377,Y4 Z5 Z6 Z7 Y8 X9 Z10 X11,223,WT_TMP_G0224
P0378,Z3 X6 Z7 Z8 Z9 X10,222,WT_TMP_G0223
P0379,Y1 Z2 Z3 Z4 Z6 Z7 Z8 Y9,229,WT_TMP_G0230
P0380,Y3 Z4 Z5 Z6 Y7 Z8,221,WT_TMP_G0222
P0381,Z2 Y3 Z4 Z5 Z6 Y7,221,WT_TMP_G0222
P0382,X3 Z4 Z5 Z6 X7 Y9 Z10 Y11,303,WT_TMP_G0304
P0383,Z0 Y3 Z4 Z5 Z6 Y7,221,WT_TMP_G0222
P0384,Z0 Y2 Z3 Y4,219,WT_TMP_G0220
P0385,Y4 X5 X7 Z8 Z9 Y10,219,WT_TMP_G0220
P0386,Y3 Z4 Y5 Y7 Z8 Y9,300,WT_TMP_G0301
P0387,X1 Z2 Y3 Y7 Z8 X9,161,WT_TMP_G0162
P0388,Y0 Y1 X2 Z3 Z4 Z5 Z6 X7,218,WT_TMP_G0219
P0389,X0 Z1 X2 Y5 Z6 Z7 Z8 Z9 Z10 Y11,487,WT_TMP_G0488
P0390,Y3 Z4 Z5 Y6 X9 X10,93,WT_TMP_G0094
P0391,X2 Z3 X4 Y8 Z9 Y10,217,WT_TMP_G0218
P0392,Y1 Z2 Z3 Y5,41,WT_TMP_G0042
P0393,X0 Z1 X2 Y8 Z9 Y10,217,WT_TMP_G0218
P0394,Z4,0,WT_TMP_G0001
P0395,Y2 X3 X8 Y9,344,WT_TMP_G0345
P0396,Z3 X8 Z9 X10,37,WT_TMP_G0038
P0397,X1 Z2 Z3 Y4 Y10 X11,216,WT_TMP_G0217
P0398,X2 Z3 X4 X6 Z7 X8,230,WT_TMP_G0231
P0399,Z2 Y4 Z5 Z6 Z7 Z8 Z9 Y10,216,WT_TMP_G0217
P0400,Y0 Z1 Z2 Z3 Y4 Y5 Z6 Z7 Z8 Y9,215,WT_TMP_G0216
P0401,X1 Z2 Z3 X4 X10 X11,68,WT_TMP_G0069
P0402,Y1 Z2 Z3 Z4 Z5 Z6 Y7 Y8 Z9 Y10,371,WT_TMP_G0372
P0403,X0 Z1 Z2 Z3 Z4 Y5 Y6 X7,281,WT_TMP_G0282
P0404,X2 Z3 Z4 Z5 Z6 Z7 X8 Z9,211,WT_TMP_G0212
P0405,Y3 Y4 X5 Z6 Z7 Z8 Z9 X10,269,WT_TMP_G0270
P0406,Y5 Z6 Y7 Y9 Z10 Y11,212,WT_TMP_G0213
P0407,X1 X2 X4 Z5 Z6 X7,289,WT_TMP_G0290
P0408,Y5 Z6 Z8 Y9,23,WT_TMP_G0024
P0409,X0 Z1 Z2 Z3 Z4 Y5 Y7 X8,212,WT_TMP_G0213
P0410,X2 Z3 Z4 Z5 Z6 Z7 X8 Z11,211,WT_TMP_G0212
P0411,X0 Z1 Z2 Z3 Z4 X5 Y8 Y9,87,WT_TMP_G0088
P0412,Z6 X7 Z8 Z9 Z10 X11,209,WT_TMP_G0210
P0413,Y3 Z4 Y5 Z10,0,WT_TMP_G0001
P0414,Y3 Z4 Z5 Z6 Z7 Y8 Y10 Y11,208,WT_TMP_G0209
P0415,X1 X2 Y3 Z4 Z5 Z6 Z7 Y8,208,WT_TMP_G0209
P0416,X4 Z5 Z6 Z7 X8 Z9,207,WT_TMP_G0208
P0417,X1 Z2 Z3 X4 X8 Z9 Z10 X11,207,WT_TMP_G0208
P0418,Y3 Z4 Z5 Y6 Y8 Y9,202,WT_TMP_G0203
P0419,Y2 Y3 X6 X7,108,WT_TMP_G0109
P0420,Y0 Z1 Z2 Z3 Z4 Z5 Z6 X7 X9 Y10,387,WT_TMP_G0388
P0421,Y5 Y6 X9 X10,78,WT_TMP_G0079
P0422,Y3 Z4 Z5 Y6 Y10 Y11,202,WT_TMP_G0203
P0423,X1 Y2 Y7 Z8 Z9 X10,399,WT_TMP_G0400
P0424,Y1 Z2 Y3 Y6 Z7 Y8,202,WT_TMP_G0203
P0425,X0 X1 Y2 Z3 Z4 Z5 Z6 Z7 Z8 Z9 Z10 Y11,98,WT_TMP_G0099
P0426,Z1 Y5 Z6 Z7 Z8 Z9 Z10 Y11,201,WT_TMP_G0202
P0427,X0 Z1 Z2 Z3 X4 Y5 Z6 Z7 Z8 Z9 Z10 Y11,201,WT_TMP_G0202
P0428,Y5 Y6 Y8 Y9,200,WT_TMP_G0201
P0429,Y0 Z1 Z2 Z3 Y4 X8 Z9 X10,440,WT_TMP_G0441
P0430,Y3 Y4 Y8 Y9,200,WT_TMP_G0201
P0431,X1 Z2 Y3 Y9 Z10 X11,200,WT_TMP_G0201
P0432,Y4 Z5 Z7 Z8 Z9 Y10,145,WT_TMP_G0146
P0433,X0 Z1 Z2 Y3 Y7 Z8 Z9 X10,238,WT_TMP_G0239
P0434,Y1 Z2 Z3 Z4 Z5 X6 X7 Y8,195,WT_TMP_G0196
P0435,Y1 Z2 Z3 Z4 Z5 X6 X10 Y11,195,WT_TMP_G0196
P0436,Y1 Z2 X3 X5 Z6 Z7 Z8 Y9,194,WT_TMP_G0195
P0437,X1 Z3 Z4 X5,61,WT_TMP_G0062
P0438,Y0 Z1 Z2 Z3 Y4 Y6 Z7 Z8 Z9 Y10,168,WT_TMP_G0169
P0439,Y6 X7 X10 Y11,193,WT_TMP_G0194
P0440,Z0 Z6,8,WT_TMP_G0009
P0441,X0 Z1 Z2 Z3 Z4 X5 X7 Z8 Z9 X10,193,WT_TMP_G0194
P0442,Y0 Z1 Z2 X3 X10 Y11,192,WT_TMP_G0193
P0443,Y0 Z1 Z2 X3 X4 Z5 Z6 Z7 Z8 Y9,192,WT_TMP_G0193
P0444,Y3 Y4 Y8 Z9 Z10 Y11,188,WT_TMP_G0189
P0445,X0 Z2 Z3 Z4 Z5 Z6 Z7 Z8 Z9 X10,154,WT_TMP_G0155
P0446,X0 Z1 Y2 Y4 Z5 X6,187,WT_TMP_G0188
P0447,Z0 X3 Z4 Z5 Z6 Z7 Z8 X9,385,WT_TMP_G0386
P0448,Y0 X1 X8 Z9 Z10 Y11,17,WT_TMP_G0018
P0449,X1 Z2 Z3 Z4 Z5 Z6 Y7 Y9 Z10 X11,186,WT_TMP_G0187
P0450,Y0 Z1 Z2 X3 X9 Y10,185,WT_TMP_G0186
P0451,Z4 Y7 Z8 Y9,23,WT_TMP_G0024
P0452,X3 Z4 Z5 Y6 Y10 X11,185,WT_TMP_G0186
P0453,X6 Z7 Z8 Z9 X10 Z11,99,WT_TMP_G0100
P0454,X3 Z4 Z5 Y6 Y8 Z9 Z10 X11,231,WT_TMP_G0232
P0455,Y1 Z2 Z3 Y4 X9 X10,184,WT_TMP_G0185
P0456,Y1 Z2 Z3 Y4 Y8 Z9 Z10 Y11,331,WT_TMP_G0332
P0457,X0 Z1 X2 Y6 Z7 Z8 Z9 Y10,159,WT_TMP_G0160
P0458,X4 Z5 Z6 Z7 Z8 Z9 X10 Z11,182,WT_TMP_G0183
P0459,Y2 Z3 Y4 Y7 Z8 Y9,191,WT_TMP_G0192
P0460,Z0 X4 Z5 Z6 Z7 Z8 Z9 X10,182,WT_TMP_G0183
P0461,X5 Z6 Z7 X8 X10 X11,181,WT_TMP_G0182
P0462,X0 X1 Y6 Z7 Z8 Z9 Z10 Y11,106,WT_TMP_G0107
P0463,X0 Z1 Z2 X3 X5 Z6 Z7 X8,181,WT_TMP_G0182
P0464,Y0 Z1 Y2 X7 Z8 Z9 Z10 X11,180,WT_TMP_G0181
P0465,X0 Z1 Z2 Z3 X4 Y6 Z7 Y8,179,WT_TMP_G0180
P0466,X1 Z2 X3 Y6 Z7 Z8 Z9 Y10,377,WT_TMP_G0378
P0467,Y0 X1 X4 Z5 Z6 Y7,124,WT_TMP_G0125
P0468,Y0 Z1 Z2 Z3 Z4 Y5 X8 X9,178,WT_TMP_G0179
P0469,Z0 X2 Z3 Z4 Z5 Z6 Z7 Z8 Z9 X10,176,WT_TMP_G0177
P0470,X4 Z5 Z6 Z7 Z8 Y9 Y10 X11,175,WT_TMP_G0176
P0471,Y1 Z2 Z3 Z5 Z6 Z7 Z8 Z9 Z10 Y11,174,WT_TMP_G0175
P0472,Y1 Z2 Z4 Z5 Z6 Z7 Z8 Z9 Z10 Y11,174,WT_TMP_G0175
P0473,Y1 Z2 Z3 Z4 Z5 Z6 Z7 Z8 Z10 Y11,174,WT_TMP_G0175
P0474,X0 X1 Y2 Z3 Z4 Z5 Z6 Y7,316,WT_TMP_G0317
P0475,Y0 Z1 Z2 Y3 X6 Z7 Z8 X9,292,WT_TMP_G0293
P0476,Y3 Z4 Y5 X7 Z8 X9,198,WT_TMP_G0199
P0477,X0 Z1 Z2 Z3 X4 Z7,117,WT_TMP_G0118
P0478,X0 Z1 X2 Y4 Z5 Z6 Z7 Z8 Z9 Y10,145,WT_TMP_G0146
P0479,Y1 Z3 Z4 Z5 Z6 Z7 Z8 Z9 Z10 Y11,174,WT_TMP_G0175
P0480,Y1 Z2 Z3 Z4 Z5 Z7 Z8 Z9 Z10 Y11,174,WT_TMP_G0175
P0481,X2 Z3 Z4 Z5 X6 X7 Z8 Z9 Z10 X11,97,WT_TMP_G0098
P0482,Y3 Z4 Z5 X6 X9 Y10,108,WT_TMP_G0109
P0483,X0 Z1 X2 X3 Z4 Z5 Z6 Z7 Z8 X9,173,WT_TMP_G0174
P0484,X2 Y3 Y4 Z5 Z6 X7,171,WT_TMP_G0172
P0485,X6 Z7 X8,2,WT_TMP_G0003
P0486,X3 Z4 X5 X9 Z10 X11,170,WT_TMP_G0171
P0487,Y1 Z2 Z3 Z4 Z5 Z6 Y7 Z8,379,WT_TMP_G0380
P0488,Y5 X6 X8 Z9 Z10 Y11,169,WT_TMP_G0170
P0489,X4 Z5 X6 Z8,1,WT_TMP_G0002
P0490,Y1 Z2 Z3 X4 X6 Y7,169,WT_TMP_G0170
P0491,Y0 Z1 Z2 Z3 Y4 Z7,168,WT_TMP_G0169
P0492,Y0 Y1 Y3 Z4 Z5 Y6,202,WT_TMP_G0203
P0493,X3 Z4 Z5 Z6 Y7 Y9 Z10 X11,166,WT_TMP_G0167
P0494,X0 X1 Y2 Z3 Z4 Z5 Z6 Z7 Z8 Y9,165,WT_TMP_G0166
P0495,Y2 Z3 Y4 Z11,125,WT_TMP_G0126
P0496,X2 X3 Y6 Y7,280,WT_TMP_G0281
P0497,X1 Z2 Z3 Z4 Y5 Y7 Z8 Z9 Z10 X11,164,WT_TMP_G0165
P0498,X1 Z2 Z3 X4 Y7 Z8 Z9 Y10,162,WT_TMP_G0163
P0499,X1 Z2 Z3 X4 Y9 Y10,326,WT_TMP_G0327
P0500,Y2 Z3 Z4 X5 X6 Z7 Z8 Z9 Z10 Y11,564,WT_TMP_G0565
P0501,X2 Z3 X4 X9 Z10 X11,462,WT_TMP_G0463
P0502,X6 Z7 Z8 X10,82,WT_TMP_G0083
P0503,X0 Z1 Z2 Z3 Z5 Z6 Z7 Z8 Z9 X10,154,WT_TMP_G0155
P0504,X4 Z5 X6 X9 Z10 X11,161,WT_TMP_G0162
P0505,Y3 X4 X6 Y7,161,WT_TMP_G0162
P0506,Y1 Y2 Y8 Y9,6,WT_TMP_G0007
P0507,Y1 Z2 Z3 Z4 Z5 Z6 Z7 Z8 Z9 Z10 Y11,174,WT_TMP_G0175
P0508,Y2 Z3 Z4 Z5 Z6 Y8,35,WT_TMP_G0036
P0509,Y5 Z6 Z7 X8 X9 Y10,252,WT_TMP_G0253
P0510,Y0 X1 X6 Z7 Z8 Z9 Z10 Y11,158,WT_TMP_G0159
P0511,X3 X4 Y5 Z6 Z7 Y8,157,WT_TMP_G0158
P0512,Z2 X4 Z5 X6,1,WT_TMP_G0002
P0513,Y1 Z2 Z3 Z4 Z5 Z6 Z7 Y9,229,WT_TMP_G0230
P0514,Z5 X6 Z7 Z8 Z9 X10,156,WT_TMP_G0157
P0515,X2 Y3 Y5 X6,158,WT_TMP_G0159
P0516,Y1 Z2 Z3 Y4 Y10 Y11,55,WT_TMP_G0056
P0517,Y0 X1 X7 Z8 Z9 Y10,155,WT_TMP_G0156
P0518,X1 Y2 Y6 X7,155,WT_TMP_G0156
P0519,X0 Z1 Z2 Z3 Z4 Z5 Z6 Z8 Z9 X10,154,WT_TMP_G0155
P0520,Y0 Z1 Z2 Z3 X4 X6 Z7 Y8,362,WT_TMP_G0363
P0521,X0 Z1 X2 Y7 Z8 Y9,280,WT_TMP_G0281
P0522,X0 Z1 Z2 Z3 Z4 Z5 Z6 Z7 Z8 Z9 X10 Z11,154,WT_TMP_G0155
P0523,X0 Y1 Y4 Z5 Z6 Z7 Z8 Z9 Z10 X11,307,WT_TMP_G0308
P0524,Y0 Z1 Z2 Y3 X8 Z9 Z10 X11,398,WT_TMP_G0399
P0525,X0 Z1 Z2 Z4 Z5 Z6 Z7 Z8 Z9 X10,154,WT_TMP_G0155
P0526,X3 Y4 Y10 X11,153,WT_TMP_G0154
P0527,X6 Y7 Y8 Z9 Z10 X11,286,WT_TMP_G0287
P0528,Y0 X1 X5 Z6 Z7 Z8 Z9 Y10,153,WT_TMP_G0154
P0529,Y1 X2 X5 Z6 Z7 Y8,152,WT_TMP_G0153
P0530,Y2 Z3 X4 X6 Z7 Z8 Z9 Y10,302,WT_TMP_G0303
P0531,X5 Z6 Z7 Y8 Y9 X10,152,WT_TMP_G0153
P0532,Y3 Y4 Y10 Y11,151,WT_TMP_G0152
P0533,Y1 Z2 Y3 Y8 Z9 Y10,29,WT_TMP_G0030
P0534,Y1 Z2 Y3 Y5 Z6 Z7 Z8 Y9,151,WT_TMP_G0152
P0535,Y1 Y2 X3 Z4 Z5 X6,298,WT_TMP_G0299
P0536,Y4 Z5 Z6 X7 X8 Z9 Z10 Y11,95,WT_TMP_G0096
P0537,Z2 X6 Z7 Z8 Z9 X10,150,WT_TMP_G0151
P0538,Y3 Z4 Z5 Z6 Y7 X9 Z10 X11,315,WT_TMP_G0316
P0539,Y4 Y5 X10 X11,150,WT_TMP_G0151
P0540,Z0 X6 Z7 Z8 Z9 X10,150,WT_TMP_G0151
P0541,X2 Z3 Z4 Z5 X6 Y8 Z9 Y10,481,WT_TMP_G0482
P0542,X1 Z2 X3 X6 Z7 Z8 Z9 X10,150,WT_TMP_G0151
P0543,Z1 Y2 Z3 Y4,26,WT_TMP_G0027
P0544,Y4 Z6 Z7 Y8,29,WT_TMP_G0030
P0545,Y5 Z6 Z7 Z8 Y9 Z11,149,WT_TMP_G0150
P0546,Y2 Z3 Z4 Y5 Y9 Y10,149,WT_TMP_G0150
P0547,X0 Z1 Z2 X3 Y6 Y7,249,WT_TMP_G0250
P0548,Y2 X3 X5 Z6 Z7 Z8 Z9 Y10,153,WT_TMP_G0154
P0549,X2 Z3 Z4 Z5 Z6 Z7 X8,59,WT_TMP_G0060
P0550,Y0 Z1 Z2 Z3 Z4 Z5 Y6 Y7 Z8 Y9,297,WT_TMP_G0298
P0551,X0 X1 Y4 Z5 Z6 Y7,191,WT_TMP_G0192
P0552,X5 Z6 Z7 Z8 X9,56,WT_TMP_G0057
P0553,Y2 X3 X6 Z7 Z8 Y9,187,WT_TMP_G0188
P0554,Z0 X4 Z5 Z6 Z7 X8,147,WT_TMP_G0148
P0555,Y0 Z1 Z2 Z3 Z4 Z5 X6 X8 Z9 Y10,146,WT_TMP_G0147
P0556,Y4 Z5 Z6 Z8 Z9 Y10,145,WT_TMP_G0146
P0557,Y2 Z3 Y4 Z10,5,WT_TMP_G0006
P0558,Y0 Z1 Z2 Z4 Z5 Z6 Z7 Y8,88,WT_TMP_G0089
P0559,Z1 Y4 Z5 Z6 Z7 Z8 Z9 Y10,145,WT_TMP_G0146
P0560,Y4 Z5 Z6 Z7 Z8 Z9 Y10,145,WT_TMP_G0146
P0561,Z3 Y4 Z5 Z6 Z7 Z8 Z9 Y10,145,WT_TMP_G0146
P0562,Y0 Y1 X4 X5,15,WT_TMP_G0016
P0563,X1 Z2 X3,20,WT_TMP_G0021
P0564,Y0 Z1 Z2 Y3 Y5 Y6,143,WT_TMP_G0144
P0565,Y2 Z3 Z4 Z5 Y6 Z7,54,WT_TMP_G0055
P0566,Y3 Z4 Y5 Y6 Z7 Y8,143,WT_TMP_G0144
P0567,Y2 X3 X7 Z8 Z9 Y10,460,WT_TMP_G0461
P0568,Y0 Z1 Z2 Z3 Y4 Z5,50,WT_TMP_G0051
P0569,Y2 Z3 Y4 X5 Z6 Z7 Z8 Z9 Z10 X11,140,WT_TMP_G0141
P0570,Z0 Y2 Z3 Z4 Z5 Z6 Z7 Y8,327,WT_TMP_G0328
P0571,Y0 Z1 Y2 X5 Z6 Z7 Z8 Z9 Z10 X11,140,WT_TMP_G0141
P0572,X0 Z1 X2 Z8,4,WT_TMP_G0005
P0573,Y1 Z2 Y3 X7 Z8 Z9 Z10 X11,209,WT_TMP_G0210
P0574,Y2 Z3 Z4 Z5 Z6 Z7 Z9 Y10,92,WT_TMP_G0093
P0575,Z2 Y6 Z7 Z8 Z9 Y10,138,WT_TMP_G0139
P0576,X1 Z2 Z3 Z4 Z5 Z6 Z7 Y8 Y9 X10,445,WT_TMP_G0446
P0577,Y3 Z4 Y5 Y6 Z7 Z8 Z9 Y10,138,WT_TMP_G0139
P0578,Y1 Z2 Z3 Z4 Z5 Y6 Y10 Y11,137,WT_TMP_G0138
P0579,Y1 Z2 Z3 Z4 Z5 Y6 Y8 Y9,137,WT_TMP_G0138
P0580,X0 Z1 Z2 Y3 Y4 X5,58,WT_TMP_G0059
P0581,Y4 Z5 Y6 X7 Z8 Z9 Z10 X11,136,WT_TMP_G0137
P0582,Z2 X7 Z8 Z9 Z10 X11,136,WT_TMP_G0137
P0583,X1 X2 X8 X9,272,WT_TMP_G0273
P0584,X1 Z2 X3 X7 Z8 Z9 Z10 X11,136,WT_TMP_G0137
P0585,X4 X6,1,WT_TMP_G0002
P0586,Y3 Z4 Z5 Z6 Z7 Z8 Y9 Z10,30,WT_TMP_G0031
P0587,X2 Z3 X4 Y7 Z8 Y9,135,WT_TMP_G0136
P0588,Y0 Z1 Z2 Z3 Z4 Z5 Z6 Z7 Y8 Z9,310,WT_TMP_G0311
P0589,Z0 Z10,14,WT_TMP_G0015
P0590,X4 Z5 Z6 Y7 Y9 X10,135,WT_TMP_G0136
P0591,Y0 Z1 Z3 Y4,19,WT_TMP_G0020
P0592,X2 Z3 Z4 Z5 Z6 X8,59,WT_TMP_G0060
P0593,X0 X1 Y8 Y9,134,WT_TMP_G0135
P0594,Y6 X7 X9 Y10,114,WT_TMP_G0115
P0595,Y4 Z5 Z6 Z7 Y8 Z10,134,WT_TMP_G0135
P0596,X1 Z2 X3 Y4 Z5 Z6 Z7 Y8,134,WT_TMP_G0135
P0597,X3 Z4 X5 Y9 Z10 Y11,194,WT_TMP_G0195
P0598,Y0 Z1 Z2 Z3 Z4 Z5 Y6 Z8,131,WT_TMP_G0132
P0599,Y0 X1 X2 Z3 Z4 Z5 Z6 Z7 Z8 Z9 Z10 Y11,276,WT_TMP_G0277
P0600,Y0 Z1 Z2 Z3 Y4,19,WT_TMP_G0020
P0601,Y0 Z1 Z2 Z3 Z4 Z5 Y6 Z10,131,WT_TMP_G0132
P0602,Y0 Z1 Z2 Z3 Z4 Z5 Y6 X7 Z8 X9,131,WT_TMP_G0132
P0603,X0 Z1 X2 X4 Z5 Z6 Z7 X8,96,WT_TMP_G0097
P0604,Y0 Z1 Z2 Z3 Z4 Z5 Y6 X9 Z10 X11,131,WT_TMP_G0132
P0605,Z1 Z11,1,WT_TMP_G0002
P0606,X0 Y1 Y5 Z6 Z7 X8,130,WT_TMP_G0131
P0607,Y1 Z2 Z3 Z4 Y5 Z6,130,WT_TMP_G0131
P0608,X1 Z2 X3 Y9 Z10 Y11,134,WT_TMP_G0135
P0609,Y1 Z2 Z3 Z4 Z5 Z6 X7 X9 Z10 Y11,408,WT_TMP_G0409
P0610,X0 Z1 Z2 X3 Y10 Y11,199,WT_TMP_G0200
P0611,Y0 Z1 Z2 Y3 X4 X5,128,WT_TMP_G0129
P0612,X0 Z1 X2 Y3 Z4 Y5,204,WT_TMP_G0205
P0613,Y0 Z1 Z2 Y3 X10 X11,128,WT_TMP_G0129
P0614,X4 X5 X7 Z8 Z9 X10,128,WT_TMP_G0129
P0615,Y3 Z4 Z5 Z6 Z7 Z8 Z10 Y11,12,WT_TMP_G0013
P0616,Y0 Z1 Z2 Z3 Z4 Z5 Z6 Z7 Y8 X9 Z10 X11,206,WT_TMP_G0207
P0617,X1 Z2 Z3 X4 Y5 Z6 Z7 Z8 Z9 Y10,127,WT_TMP_G0128
P0618,X3 X4 X6 Z7 Z8 Z9 Z10 X11,160,WT_TMP_G0161
P0619,X1 Z2 Z3 Z4 X5 X7 Z8 Z9 Z10 X11,524,WT_TMP_G0525
P0620,Y2 Z3 Z4 X5 X10 Y11,119,WT_TMP_G0120
P0621,X1 Z2 Z3 Y4 Y6 Z7 Z8 Z9 Z10 X11,126,WT_TMP_G0127
P0622,X3 X4 Y7 Y8,124,WT_TMP_G0125
P0623,Y3 Z4 Z5 X6 X10 Y11,156,WT_TMP_G0157
P0624,Y1 Z2 Y3 X6 Z7 Z8 Z9 X10,156,WT_TMP_G0157
P0625,X3 Z4 Z5 Z6 X7,123,WT_TMP_G0124
P0626,X3 Z4 Z5 X7,123,WT_TMP_G0124
P0627,Z2 X3 Z4 Z5 Z6 Z7 Z8 Z9 Z10 X11,259,WT_TMP_G0260
P0628,Y0 Z1 Y2 X4 Z5 X6,233,WT_TMP_G0234
P0629,Y0 Y1 Y3 Y4,122,WT_TMP_G0123
P0630,Y4 X5 X7 Y8,122,WT_TMP_G0123
P0631,Y0 Z2 Z3 Y4,19,WT_TMP_G0020
P0632,Y2 X3 X10 Y11,187,WT_TMP_G0188
P0633,Y1 Z2 Y3 X5 Z6 X7,122,WT_TMP_G0123
P0634,Y4 X5 X10 Y11,121,WT_TMP_G0122
P0635,Y6 Y7 Y9 Y10,137,WT_TMP_G0138
P0636,Z0 Y4 Z5 Y6,14,WT_TMP_G0015
P0637,Y0 Z1 Z2 Y3 X8 X9,121,WT_TMP_G0122
P0638,Y3 Y4 X5 Z6 Z7 X8,121,WT_TMP_G0122
P0639,Z6 X7 Z8 X9,19,WT_TMP_G0020
P0640,X0 Z1 Z2 Z3 Z4 Z5 Z7 Z8 Z9 X10,154,WT_TMP_G0155
P0641,X2 Y3 Y10 X11,120,WT_TMP_G0121
P0642,X3 Z5 Z6 X7,123,WT_TMP_G0124
P0643,X0 Y1 Y3 X4,120,WT_TMP_G0121
P0644,X0 Z1 X2 X5 Z6 X7,287,WT_TMP_G0288
P0645,X0 Z1 Z2 Y3 Y6 X7,282,WT_TMP_G0283
P0646,Y2 Z3 Z4 Z5 Z7 Z8 Z9 Y10,54,WT_TMP_G0055
P0647,Y1 X2 X5 Z6 Z7 Z8 Z9 Y10,120,WT_TMP_G0121
P0648,X0 Y1 Y2 Z3 Z4 X5,119,WT_TMP_G0120
P0649,X0 Y1 Y7 X8,119,WT_TMP_G0120
P0650,X1 Y2 Y8 X9,336,WT_TMP_G0337
P0651,Y2 Z3 Z4 X5 X6 Y7,119,WT_TMP_G0120
P0652,X5 Z6 Z7 Y8 Y10 X11,118,WT_TMP_G0119
P0653,X3 Z4 X5 Y8 Z9 Y10,118,WT_TMP_G0119
P0654,Y0 X1 X10 Y11,42,WT_TMP_G0043
P0655,X0 Y1 Y5 X6,116,WT_TMP_G0117
P0656,Y1 Y2 X9 X10,116,WT_TMP_G0117
P0657,Y0 Z1 Z2 Y3 X4 Z5 Z6 X7,290,WT_TMP_G0291
P0658,Y3 Z4 Z5 X6 X8 Z9 Z10 Y11,17,WT_TMP_G0018
P0659,Y2 Z3 Z4 Y5 X10 X11,116,WT_TMP_G0117
P0660,X0 Y1 Y6 Z7 Z8 Z9 Z10 X11,337,WT_TMP_G0338
P0661,X0 Z1 Z2 Z3 X4 Y9 Z10 Y11,115,WT_TMP_G0116
P0662,Y1 X2 X3 Z4 Z5 Z6 Z7 Z8 Z9 Y10,404,WT_TMP_G0405
P0663,Y0 Z1 Y2 Z8,12,WT_TMP_G0013
P0664,Z0 Y3 Z4 Z5 Z6 Z7 Z8 Z9 Z10 Y11,383,WT_TMP_G0384
P0665,X0 Z1 Z2 Z3 X4 Z5,115,WT_TMP_G0116
P0666,Z4 Z7,2,WT_TMP_G0003
P0667,X0 Z1 Z2 Z3 X4 Z10,115,WT_TMP_G0116
P0668,X1 Y2 Y3 Z4 Z5 Z6 Z7 X8,357,WT_TMP_G0358
P0669,X4 Z5 Z6 X7 Y8 Y9,115,WT_TMP_G0116
P0670,X0 Z1 Z2 Z3 Z4 X5 X7 X8,227,WT_TMP_G0228
P0671,X7 Y8 Y10 X11,114,WT_TMP_G0115
P0672,X1 Z2 Z3 Z4 Z5 Y6 Y10 X11,114,WT_TMP_G0115
P0673,Z0 X1 Z2 X3,48,WT_TMP_G0049
P0674,X0 Z1 Z2 Z3 Z4 X5 X9 X10,196,WT_TMP_G0197
P0675,Y2 Y3 Y5 Y6,113,WT_TMP_G0114
P0676,X2 X3 Y8 Z9 Z10 Y11,157,WT_TMP_G0158
P0677,Z1 X7 Z8 X9,19,WT_TMP_G0020
P0678,X1 Y2 Y3 X4,113,WT_TMP_G0114
P0679,X4 Y5 Y6 Z7 Z8 Z9 Z10 X11,113,WT_TMP_G0114
P0680,X0 X1 X3 X4,112,WT_TMP_G0113
P0681,X2 X3 X9 X10,112,WT_TMP_G0113
P0682,X1 X2 X4 Z5 Z6 Z7 Z8 X9,112,WT_TMP_G0113
P0683,Y3 Y4 Y6 Y7,111,WT_TMP_G0112
P0684,Y4 Z5 Z6 Z7 Y8 Z9,29,WT_TMP_G0030
P0685,X2 Y3 Y7 Z8 Z9 X10,111,WT_TMP_G0112
P0686,X1 Z2 X3 X5 Z6 X7,110,WT_TMP_G0111
P0687,X5 Z6 X7 X8 Z9 X10,110,WT_TMP_G0111
P0688,X1 Z2 X3 X8 Z9 X10,110,WT_TMP_G0111
P0689,X2 Z3 Z4 Z5 X6,2,WT_TMP_G0003
P0690,X0 X1 Y4 Y5,109,WT_TMP_G0110
P0691,X8 X9 Y10 Y11,108,WT_TMP_G0109
P0692,X6 X7 Y10 Y11,108,WT_TMP_G0109
P0693,Y2 Y3 X8 X9,108,WT_TMP_G0109
P0694,X6 Z7 X8 Z9,11,WT_TMP_G0012
P0695,X4 X5 Y8 Z9 Z10 Y11,362,WT_TMP_G0363
P0696,X2 Z3 Z4 Z5 X6 X7 Z8 X9,500,WT_TMP_G0501
P0697,Z2 Y5 Z6 Z7 Z8 Y9,107,WT_TMP_G0108
P0698,X1 Z2 Z3 Z4 Y5 Y9 Z10 X11,107,WT_TMP_G0108
P0699,Z5 Y7 Z8 Y9,24,WT_TMP_G0025
P0700,Y2 Z3 Z4 Z5 Y6 Z10,106,WT_TMP_G0107
P0701,Z2 X4 Z5 Z6 Z7 X8,147,WT_TMP_G0148
P0702,Z2 Y5 Z6 Z7 Z8 Z9 Z10 Y11,105,WT_TMP_G0106
P0703,X3 Y4 Y5 X6,104,WT_TMP_G0105
P0704,X0 Z1 Z2 Z3 Z4 Z5 X6 Z10,24,WT_TMP_G0025
P0705,Y0 X1 X2 Z3 Z4 Y5,103,WT_TMP_G0104
P0706,Z0 Z7,8,WT_TMP_G0009
P0707,Y1 Z2 Z3 Z4 Z5 Z6 Z7 Z8 Z9 Y11,174,WT_TMP_G0175
P0708,Y0 Z1 Z2 Z4 Z5 Y6,102,WT_TMP_G0103
P0709,X2 Z3 Z4 Z6 Z7 Z8 Z9 X10,77,WT_TMP_G0078
P0710,Z1,1,WT_TMP_G0002
P0711,Y0 Z1 Z2 Z3 Z4 Z5 Y6 Z9,102,WT_TMP_G0103
P0712,X1 Z2 Z3 Z4 Z5 X6 Y7 Z8 Z9 Y10,133,WT_TMP_G0134
P0713,X1 X2 X10 X11,27,WT_TMP_G0028
P0714,Y0 Z1 Z2 Z3 Z4 Z5 Y6 Z11,102,WT_TMP_G0103
P0715,X0 Z1 Y2 Y4 Z5 Z6 Z7 X8,344,WT_TMP_G0345
P0716,Y0 Z1 Z2 Z3 Z4 Z5 Y6,102,WT_TMP_G0103
P0717,Y1 Z2 Z3 X4 X5 Z6 Z7 Z8 Z9 Y10,475,WT_TMP_G0476
P0718,Z0 Y3 Z4 Z5 Z6 Z7 Z8 Y9,240,WT_TMP_G0241
P0719,Y0 Z1 Z2 Z3 Z4 Z5 Y6 Y8 Z9 Y10,142,WT_TMP_G0143
P0720,Z2,1,WT_TMP_G0002
P0721,Y0 Z2 Z3 Z4 Z5 Y6,102,WT_TMP_G0103
P0722,X3 Z4 X5 Y7 Z8 Y9,280,WT_TMP_G0281
P0723,Y1 Z2 Z3 Y4 X5 X6,210,WT_TMP_G0211
P0724,Y2 Z3 Z4 Z5 Y6 Z9,54,WT_TMP_G0055
P0725,X0 Z1 Z2 Z3 Z4 Z5 Z6 X7 X9 X10,101,WT_TMP_G0102
P0726,Y1 Z2 Z3 Z4 Z5 X6 X7 Z8 Z9 Y10,450,WT_TMP_G0451
P0727,X6 Z7 Z9 X10,99,WT_TMP_G0100
P0728,X0 Z1 Z2 Z3 Z4 Z5 Z6 Z7 Z8 X10,154,WT_TMP_G0155
P0729,Y3 Z4 Y5 X6 Z7 Z8 Z9 X10,99,WT_TMP_G0100
P0730,X1 Z2 Z3 Y4 Y5 Z6 Z7 Z8 Z9 X10,246,WT_TMP_G0247
P0731,X3 Z4 Z5 Y6 Y8 X9,185,WT_TMP_G0186
P0732,Z3 Y9 Z10 Y11,2,WT_TMP_G0003
P0733,Y1 Z2 Z3 Y4 X5 Z6 Z7 X8,184,WT_TMP_G0185
P0734,Y0 Z1 Y2 Y3 Z4 Y5,99,WT_TMP_G0100
P0735,Z1 X6 Z7 Z8 Z9 X10,99,WT_TMP_G0100
P0736,Y2 Z3 Z4 Z5 Y6 Z11,54,WT_TMP_G0055
P0737,Z4 X6 Z7 Z8 Z9 X10,99,WT_TMP_G0100
P0738,X6 Z7 Z8 Z9 X10,99,WT_TMP_G0100
P0739,Y3 X4 X5 Z6 Z7 Y8,152,WT_TMP_G0153
P0740,Z0 X2 Z3 Z4 Z5 X6,97,WT_TMP_G0098
P0741,X1 X2 X6 X7,97,WT_TMP_G0098
P0742,X0 Z1 X2 X9 Z10 X11,96,WT_TMP_G0097
P0743,X4 Z5 Z6 Z7 X8 X9 Z10 X11,96,WT_TMP_G0097
P0744,Y0 Z1 Z2 Z3 Z4 Z6 Z7 Z8 Z9 Y10,16,WT_TMP_G0017
P0745,X3 X4 X8 X9,96,WT_TMP_G0097
P0746,Y3 Z4 Z5 Z6 Z7 Z9 Z10 Y11,12,WT_TMP_G0013
P0747,Y1 Z2 Z3 Z4 Y5 X7 Z8 Z9 Z10 X11,308,WT_TMP_G0309
P0748,Y1 Z2 Z3 Z4 Y5 X9 Z10 X11,49,WT_TMP_G0050
P0749,X0 Y1 Y4 Z5 Z6 X7,95,WT_TMP_G0096
P0750,Z5 X7 Z8 Z9 Z10 X11,94,WT_TMP_G0095
P0751,Y0 Z1 Z2 Z3 Z4 X5 X6 Z7 Z8 Y9,415,WT_TMP_G0416
P0752,Z3 X7 Z8 Z9 Z10 X11,94,WT_TMP_G0095
P0753,X7 Z8 Z9 Z10 X11,94,WT_TMP_G0095
P0754,X0 Z1 Z2 Z3 Z4 Z5 Z6 Z7 X8 Y9 Z10 Y11,242,WT_TMP_G0243
P0755,X7 Z8 Z9 X11,94,WT_TMP_G0095
P0756,Y0 Z1 Z2 X3 X5 Z6 Z7 Y8,118,WT_TMP_G0119
P0757,X2 Z3 X4 X7 Z8 Z9 Z10 X11,94,WT_TMP_G0095
P0758,X4 Y5 Y10 X11,127,WT_TMP_G0128
P0759,Z4 Y8 Z9 Y10,92,WT_TMP_G0093
P0760,Z2 Z8,1,WT_TMP_G0002
P0761,Y1 Z2 Z3 Z4 Z5 Z6 Z7 X8 X10 Y11,320,WT_TMP_G0321
P0762,Z1 Y8 Z9 Y10,92,WT_TMP_G0093
P0763,Z3 Y7 Z8 Z9 Z10 Y11,80,WT_TMP_G0081
P0764,Z3 Y8 Z9 Y10,92,WT_TMP_G0093
P0765,Y0 Z1 Y2 Y8 Z9 Y10,92,WT_TMP_G0093
P0766,Y1 Z2 Z3 Z4 Z5 Z6 Z8 Z9 Z10 Y11,174,WT_TMP_G0175
P0767,X4 Z5 Z6 Z7 X8 Y9 Z10 Y11,22,WT_TMP_G0023
P0768,Y2 Z3 Z4 Z5 Z6 Z7 Y8 Z11,92,WT_TMP_G0093
P0769,Y0 Y1 X2 Z3 Z4 X5,91,WT_TMP_G0092
P0770,Y1 X2 X5 Y6,91,WT_TMP_G0092
P0771,X2 Z3 Z4 X5 Y6 Z7 Z8 Y9,91,WT_TMP_G0092
P0772,Z1 Y3 Z4 Y5,90,WT_TMP_G0091
P0773,Z0 X9 Z10 X11,56,WT_TMP_G0057
P0774,Y3 Z4 Y5 Z6,90,WT_TMP_G0091
P0775,Y4 Z5 Y6 X9 Z10 X11,86,WT_TMP_G0087
P0776,Y5 Z6 Z7 Y8 Y10 Y11,90,WT_TMP_G0091
P0777,Y0 Z1 Z2 Y3 Y5 Z6 Z7 Y8,90,WT_TMP_G0091
P0778,X1 Y2 Y5 X6,89,WT_TMP_G0090
P0779,X0 X1 Y2 Z3 Z4 Y5,89,WT_TMP_G0090
P0780,Y0 Z1 Z2 Z3 Y4 Y8 Z9 Y10,266,WT_TMP_G0267
P0781,Y0 Z1 Z2 Z3 Z4 Z5 Z6 Z7 Y8 Z10,88,WT_TMP_G0089
P0782,Z0 Y7 Z8 Z9 Z10 Y11,48,WT_TMP_G0049
P0783,Y0 Z2 Z3 Z4 Z5 Z6 Z7 Y8,88,WT_TMP_G0089
P0784,Y0 Z1 Z2 Z3 Z4 Z5 Z7 Y8,88,WT_TMP_G0089
P0785,Y2 Z3 Z4 Z5 Z6 Z8 Z9 Y10,241,WT_TMP_G0242
P0786,X1 Z2 X3 X7 Z8 X9,86,WT_TMP_G0087
P0787,Y0 Z1 Z2 Z3 Z4 X5 X10 Y11,141,WT_TMP_G0142
P0788,Y3 X4 X5 Z6 Z7 Z8 Z9 Y10,120,WT_TMP_G0121
P0789,Z1 X8 Z9 X10,37,WT_TMP_G0038
P0790,Y5 Z7 Z8 Z9 Z10 Y11,84,WT_TMP_G0085
P0791,X4 Z5 Z6 X7 Y8 Z9 Z10 Y11,474,WT_TMP_G0475
P0792,Y6 Z7 Z8 Z9 Y10 Z11,54,WT_TMP_G0055
P0793,X5 Z6 Z7 Z9 Z10 X11,34,WT_TMP_G0035
P0794,X1 Z2 Z3 Z4 Z5 Z7 Z8 X9,83,WT_TMP_G0084
P0795,Y1 X2 X4 Y5,84,WT_TMP_G0085
P0796,Z0 X2 Z3 X4,84,WT_TMP_G0085
P0797,Z3 Z6,8,WT_TMP_G0009
P0798,Y3 Y4 X7 X8,171,WT_TMP_G0172
P0799,Y1 X2 X4 Z5 Z6 Y7,135,WT_TMP_G0136
P0800,Y2 X3 X7 Y8,6,WT_TMP_G0007
P0801,Y1 Z2 Z3 Z4 Y5 Z10,49,WT_TMP_G0050
P0802,Y5 Z6 Z7 Z8 Z9 Z10 Y11,84,WT_TMP_G0085
P0803,Z1 Z2,1,WT_TMP_G0002
P0804,X2 Z3 X4 Y5 Z6 Z7 Z8 Z9 Z10 Y11,84,WT_TMP_G0085
P0805,Y0 Z1 Y2 X5 Z6 Z7 Z8 X9,79,WT_TMP_G0080
P0806,X1 Z3 Z4 Z5 Z6 Z7 Z8 X9,83,WT_TMP_G0084
P0807,Y0 Y1 Y7 Y8,73,WT_TMP_G0074
P0808,X6 X7 X9 X10,63,WT_TMP_G0064
P0809,Y1 Z2 Z3 Y4 Y6 Y7,331,WT_TMP_G0332
P0810,X1 Z2 Z3 Z5 Z6 Z7 Z8 X9,83,WT_TMP_G0084
P0811,Y1 Y2 Y8 Z9 Z10 Y11,327,WT_TMP_G0328
P0812,Y1 Y3,25,WT_TMP_G0026
P0813,X1 Z2 Z3 Z4 X5 X8 Z9 X10,226,WT_TMP_G0227
P0814,Y0 Z1 Z2 Z3 Z4 Y5 X6 Z7 Z8 X9,82,WT_TMP_G0083
P0815,X1 Z2 X3 Z4,21,WT_TMP_G0022
P0816,Y3 Z4 Z5 Y7,13,WT_TMP_G0014
P0817,X2 Z3 X4 Y7 Z8 Z9 Z10 Y11,80,WT_TMP_G0081
P0818,Y5 Z6 Z7 Z8 Z9 Y11,31,WT_TMP_G0032
P0819,X2 Z3 X4 Y5 Z6 Y7,80,WT_TMP_G0081
P0820,Y2 Z3 Y4 Y6 Z7 Z8 Z9 Y10,442,WT_TMP_G0443
P0821,Z6 Y7 Z8 Z9 Z10 Y11,80,WT_TMP_G0081
P0822,X0 Z1 Z2 X3 X9 X10,7,WT_TMP_G0008
P0823,X4 X5 Y8 Y9,6,WT_TMP_G0007
P0824,X5 Z6 Z7 Z8 X9 Z11,79,WT_TMP_G0080
P0825,Z4 X9 Z10 X11,35,WT_TMP_G0036
P0826,X0 Z1 Z2 Z3 Z4 Z6 Z7 X8,37,WT_TMP_G0038
P0827,X2 Z4 Z5 X6,2,WT_TMP_G0003
P0828,Z1 Z7,2,WT_TMP_G0003
P0829,Z1 X5 Z6 Z7 Z8 X9,79,WT_TMP_G0080
P0830,X1 X2 Y5 Z6 Z7 Z8 Z9 Y10,85,WT_TMP_G0086
P0831,X0 Z1 Z2 Y3 Y10 X11,58,WT_TMP_G0059
P0832,X0 Z1 X2 Y7 Z8 Z9 Z10 Y11,80,WT_TMP_G0081
P0833,Z0 Y2 Z3 Z4 Z5 Y6,189,WT_TMP_G0190
P0834,Y4 Y5 X6 X7,180,WT_TMP_G0181
P0835,Y2 Y3 X4 X5,79,WT_TMP_G0080
P0836,X2 Z3 Z4 Z5 Z7 Z8 Z9 X10,77,WT_TMP_G0078
P0837,X2 Z3 Z4 Z5 Z6 Z8 Z9 X10,77,WT_TMP_G0078
P0838,Y6 Y7 X8 X9,196,WT_TMP_G0197
P0839,Y0 Z1 Z2 Z3 Z5 Z6 Z7 Z8 Z9 Y10,16,WT_TMP_G0017
P0840,X0 Z1 X2 Z11,77,WT_TMP_G0078
P0841,X2 Z3 Z4 Z5 Z6 Z7 Z9 X10,77,WT_TMP_G0078
P0842,X6 X8,2,WT_TMP_G0003
P0843,X2 Z3 Z4 Z5 Z6 Z7 Z8 Z9 X10,77,WT_TMP_G0078
P0844,Y2 Z3 Z4 Z5 Z6 Y7 X8 X9,521,WT_TMP_G0522
P0845,Y4 Z5 Y6 Y8 Z9 Y10,20,WT_TMP_G0021
P0846,Y1 Z2 Z3 Z4 Z5 Y6 X7 Z8 Z9 X10,325,WT_TMP_G0326
P0847,X0 Z1 X2 Y3 Z4 Z5 Z6 Z7 Z8 Y9,257,WT_TMP_G0258
P0848,Y3 Y4 X9 X10,121,WT_TMP_G0122
P0849,X8 X10,37,WT_TMP_G0038
P0850,X0 Z1 Z2 Z3 Z4 X6,24,WT_TMP_G0025
P0851,X2 Z3 Z4 Z5 Z6 Z7 Z8 X10,77,WT_TMP_G0078
P0852,Y1 Z2 Y3 X4 Z5 Z6 Z7 Z8 Z9 X10,182,WT_TMP_G0183
P0853,X3 X5,3,WT_TMP_G0004
P0854,X2 Z4 Z5 Z6 Z7 Z8 Z9 X10,76,WT_TMP_G0077
P0855,Z1 X4 Z5 Z6 Z7 Z8 Z9 X10,46,WT_TMP_G0047
P0856,X0 Y1 Y3 Z4 Z5 Z6 Z7 Z8 Z9 X10,76,WT_TMP_G0077
P0857,Y1 X2 X3 Z4 Z5 Y6,372,WT_TMP_G0373
P0858,X5 Y6 Y10 X11,75,WT_TMP_G0076
P0859,X0 Z1 Z2 Z3 Z4 Z5 Y6 Y8 Z9 X10,100,WT_TMP_G0101
P0860,Y5 Z6 Z7 Z9 Z10 Y11,84,WT_TMP_G0085
P0861,X1 Z2 Z3 X4 Y7 Y8,75,WT_TMP_G0076
P0862,Z0 Y4 Z5 Z6 Z7 Z8 Z9 Y10,216,WT_TMP_G0217
P0863,Y4 Z5 Z6 Y8,29,WT_TMP_G0030
P0864,Y7 Y8 Y10 Y11,73,WT_TMP_G0074
P0865,X3 Y4 Y8 X9,73,WT_TMP_G0074
P0866,X3 Z4 X5 X6 Z7 Z8 Z9 X10,359,WT_TMP_G0360
P0867,Y2 Z3 Z4 X5 X7 Y8,65,WT_TMP_G0066
P0868,X2 Z3 X4 Z7,22,WT_TMP_G0023
P0869,X1 Z2 Z3 Z4 Z6 Z7 Z8 X9,83,WT_TMP_G0084
P0870,Y7 Z8 Z10 Y11,0,WT_TMP_G0001
P0871,Z3 X5 Z6 Z7 Z8 X9,117,WT_TMP_G0118
P0872,X4 Z5 Z6 Z8 Z9 X10,46,WT_TMP_G0047
P0873,X0 Z1 X2 X3 Z4 X5,159,WT_TMP_G0160
P0874,Y0 Z1 Z2 Z3 Z4 Z5 Z6 Z7 Z9 Y10,16,WT_TMP_G0017
P0875,X1 Z2 Y3 Y7 Z8 Z9 Z10 X11,381,WT_TMP_G0382
P0876,X1 Z2 Z3 Z4 X5,72,WT_TMP_G0073
P0877,Y4 Z5 Z6 Z7 Z8 Y9 X10 X11,228,WT_TMP_G0229
P0878,Y2 Z3 Z4 Z6 Z7 Z8 Z9 Y10,31,WT_TMP_G0032
P0879,X1 Z2 Z3 Z4 X5 Z6,72,WT_TMP_G0073
P0880,Y0 Z1 Z2 Z3 Y4 Z11,19,WT_TMP_G0020
P0881,X1 Z2 Z3 Z4 X5 Y7 Z8 Y9,72,WT_TMP_G0073
P0882,Y5 Z6 Z7 Y9,26,WT_TMP_G0027
P0883,Y1 Z2 Z3 Z4 X5 X9 Z10 Y11,251,WT_TMP_G0252
P0884,X1 Z2 X3 X5 Z6 Z7 Z8 X9,170,WT_TMP_G0171
P0885,Y6 Z7 Z8 Z9 Y10,54,WT_TMP_G0055
P0886,X0 Z1 Z2 X3 Y8 Y9,71,WT_TMP_G0072
P0887,X0 X1 Y4 Z5 Z6 Z7 Z8 Y9,70,WT_TMP_G0071
P0888,Z0 X7 Z8 Z9 Z10 X11,97,WT_TMP_G0098
P0889,Y0 Y1 Y5 Y6,49,WT_TMP_G0050
P0890,Y0 Z1 X2 X6 Z7 Z8 Z9 Y10,38,WT_TMP_G0039
P0891,X0 Z1 Z2 Z3 Z4 Z5 X6 Z7,255,WT_TMP_G0256
P0892,X0 X1 Y10 Y11,70,WT_TMP_G0071
P0893,X1 Y2 Y4 X5,153,WT_TMP_G0154
P0894,Y3 Z4 Z5 Z6 Z7 Z8 Z9 Y11,12,WT_TMP_G0013
P0895,X2 X3 Y10 Y11,70,WT_TMP_G0071
P0896,X3 Z4 X5 Z10,69,WT_TMP_G0070
P0897,X2 X3 Y4 Z5 Z6 Z7 Z8 Y9,70,WT_TMP_G0071
P0898,Z6 Z8,4,WT_TMP_G0005
P0899,Z0 X3 Z4 X5,69,WT_TMP_G0070
P0900,Y0 Z1 Z2 Y3 Y7 Z8 Z9 Y10,452,WT_TMP_G0453
P0901,X1 Z2 X3 X5 Z6 Z7 Z8 Z9 Z10 X11,69,WT_TMP_G0070
P0902,X4 Z5 X6 Y7 Z8 Z9 Z10 Y11,237,WT_TMP_G0238
P0903,Z2 Y4 Z5 Y6,14,WT_TMP_G0015
P0904,X1 Z2 Z3 X5,68,WT_TMP_G0069
P0905,Y0 Z1 Z2 Z3 Z4 Z6 Z7 Y8,88,WT_TMP_G0089
P0906,Y4 Y5 X8 X9,296,WT_TMP_G0297
P0907,Y2 Z3 Y4 X6 Z7 Z8 Z9 X10,469,WT_TMP_G0470
P0908,X5 X6 X8 X9,68,WT_TMP_G0069
P0909,Y0 Y1 X8 Z9 Z10 X11,67,WT_TMP_G0068
P0910,X0 Z1 Z2 Z3 Z4 Z5 Z6 Y7 Y10 X11,263,WT_TMP_G0264
P0911,Y7 X8 X10 Y11,66,WT_TMP_G0067
P0912,X3 Z4 Z5 Z6 Z7 X8 Y9 Y10,366,WT_TMP_G0367
P0913,Y3 Z4 Z5 Z6 Y7 X8 Z9 X10,66,WT_TMP_G0067
P0914,Z4 X5 Z6 X7,65,WT_TMP_G0066
P0915,X1 Z2 X3 X6 Z7 X8,60,WT_TMP_G0061
P0916,Y2 Z3 Z4 X5 X8 Y9,119,WT_TMP_G0120
P0917,Y0 Z1 Y2 X5 Z6 X7,65,WT_TMP_G0066
P0918,Z3 Z4,2,WT_TMP_G0003
P0919,X0 Z1 Z2 Z3 X4 Z9,64,WT_TMP_G0065
P0920,Y1 Z2 Y3 X4 Z5 Z6 Z7 X8,147,WT_TMP_G0148
P0921,Z1 X4 Z5 Z6 Z7 X8,96,WT_TMP_G0097
P0922,Y0 Z1 Z2 Z3 Z4 Y6,102,WT_TMP_G0103
P0923,X4 Y5 Y6 X7,64,WT_TMP_G0065
P0924,Y1 Z2 Z3 Z5 Z6 Y7,36,WT_TMP_G0037
P0925,Y0 Z1 Z2 Y3 X4 Z5 Z6 Z7 Z8 Z9 Z10 X11,62,WT_TMP_G0063
P0926,Z7 X9 Z10 X11,35,WT_TMP_G0036
P0927,Z4 X7 Z8 Z9 Z10 X11,97,WT_TMP_G0098
P0928,X2 Z3 Z4 Z5 X6 X9 Z10 X11,413,WT_TMP_G0414
P0929,X0 Z1 Z2 Z3 Z4 Z5 Z6 Y7 Y8 Z9 Z10 X11,81,WT_TMP_G0082
P0930,X3 Z4 X5 Z6,69,WT_TMP_G0070
P0931,Y2 Z3 Z4 X5 X8 Z9 Z10 Y11,61,WT_TMP_G0062
P0932,X4 Z5 X6 Z7,60,WT_TMP_G0061
P0933,X2 Y3 Y4 X5,190,WT_TMP_G0191
P0934,X1 Z2 X3 X4 Z5 X6,60,WT_TMP_G0061
P0935,Y1 Z2 Y3 X7 Z8 X9,198,WT_TMP_G0199
P0936,X4 Z5 X6 Z10,60,WT_TMP_G0061
P0937,X3 X4 X8 Z9 Z10 X11,60,WT_TMP_G0061
P0938,X2 Z4 Z5 Z6 Z7 X8,59,WT_TMP_G0060
P0939,X3 Z4 X5 X6 Z7 X8,444,WT_TMP_G0445
P0940,Z0 Z1,59,WT_TMP_G0060
P0941,Y0 Z1 Z2 Z3 Z4 Y5 X10 X11,178,WT_TMP_G0179
P0942,Y1 Z2 Z3 Z4 Z5 Z6 Y7 Z11,274,WT_TMP_G0275
P0943,Z0 X2 Z3 Z4 Z5 Z6 Z7 X8,59,WT_TMP_G0060
P0944,X3 Z4 Z5 Z6 Z7 Y8 Y10 X11,346,WT_TMP_G0347
P0945,Y5 X6 X10 Y11,82,WT_TMP_G0083
P0946,X2 Z3 X4,22,WT_TMP_G0023
P0947,Y6 Y7 X10 X11,50,WT_TMP_G0051
P0948,Z1 X2 Z3 Z4 Z5 Z6 Z7 X8,59,WT_TMP_G0060
P0949,X0 Z1 X2 Y4 Z5 Y6,111,WT_TMP_G0112
P0950,Y3 Y4 X5 X6,58,WT_TMP_G0059
P0951,X0 Y1 Y10 X11,57,WT_TMP_G0058
P0952,X1 Z2 Z3 Z4 Z5 Z6 Z7 Z8 X9 Z10,83,WT_TMP_G0084
P0953,Y1 Z2 Z3 X4 X5 Z6 Z7 Y8,465,WT_TMP_G0466
P0954,X1 Z2 Z3 Z4 Z5 X6 X8 X9,299,WT_TMP_G0300
P0955,X1 Z2 Z3 Z4 Z5 Z6 Z8 Z9 Z10 X11,18,WT_TMP_G0019
P0956,Y4 Z5 Y6 Y7 Z8 Z9 Z10 Y11,48,WT_TMP_G0049
P0957,Y1 X2 X9 Y10,57,WT_TMP_G0058
P0958,X2 Z3 Z4 Z5 Z6 X7 X9 X10,284,WT_TMP_G0285
P0959,X2 Z3 Z4 Z5 Z6 Z7 Z8 Y9 Y10 X11,74,WT_TMP_G0075
P0960,Y0 Z1 Y2 Y7 Z8 Y9,369,WT_TMP_G0370
P0961,Y1 Z2 Y3 Y4 Z5 Z6 Z7 Y8,29,WT_TMP_G0030
P0962,Z4 X5 Z6 Z7 Z8 X9,56,WT_TMP_G0057
P0963,X1 Z2 X3 Y8 Z9 Y10,20,WT_TMP_G0021
P0964,Y2 Z3 Z4 Y5 X6 Z7 Z8 Z9 Z10 X11,89,WT_TMP_G0090
P0965,X5 Z6 Z7 X9,56,WT_TMP_G0057
P0966,X5 Z6 Z7 Z8 X9 Z10,56,WT_TMP_G0057
P0967,X4 Z5 Z6 X7 X9 X10,28,WT_TMP_G0029
P0968,Y1 Z2 Z3 Z4 Y5 Y8 Z9 Y10,368,WT_TMP_G0369
P0969,Y1 Z2 Y3 X5 Z6 Z7 Z8 X9,56,WT_TMP_G0057
P0970,Z0 Y3 Z4 Y5,105,WT_TMP_G0106
P0971,Z6,4,WT_TMP_G0005
P0972,Z0 X5 Z6 Z7 Z8 X9,56,WT_TMP_G0057
P0973,Z2 X5 Z6 Z7 Z8 X9,56,WT_TMP_G0057
P0974,X2 Z3 Z4 Z5 Z6 Z7 X8 Y9 Z10 Y11,59,WT_TMP_G0060
P0975,X2 Z3 Z4 Z5 Z6 X7 Y8 Y9,438,WT_TMP_G0439
P0976,Y1 Z2 Z3 Y4 Y6 Z7 Z8 Y9,55,WT_TMP_G0056
P0977,Y0 Z1 Z2 X3 X5 Z6 Z7 Z8 Z9 Y10,542,WT_TMP_G0543
P0978,Y4 Y5 Y9 Y10,55,WT_TMP_G0056
P0979,Z0 X7 Z8 X9,86,WT_TMP_G0087
P0980,X1 Z2 X3 Z9,20,WT_TMP_G0021
P0981,X0 Z1 X2 X5 Z6 Z7 Z8 Z9 Z10 X11,43,WT_TMP_G0044
P0982,X0 Z1 Z2 Z3 Z4 Z5 Z6 Z7 X8 Z10,242,WT_TMP_G0243
P0983,X1 Z2 X3 Y7 Z8 Y9,509,WT_TMP_G0510
P0984,X4 Y5 Y9 X10,42,WT_TMP_G0043
P0985,X0 Z2 Z3 Z4 Z5 X6,24,WT_TMP_G0025
P0986,X3 Z4 Z5 X6 X8 X9,423,WT_TMP_G0424
P0987,Y3 Z4 Y5 Z8,0,WT_TMP_G0001
P0988,Y8 Z9 Y10 Z11,20,WT_TMP_G0021
P0989,X1 Z2 Z4 Z5 Z6 Z7 Z8 Z9 Z10 X11,18,WT_TMP_G0019
P0990,Y0 Y1 Y5 Z6 Z7 Y8,157,WT_TMP_G0158
P0991,Y0 Z1 Z3 Z4 Z5 Y6,54,WT_TMP_G0055
P0992,X1 Z2 Z3 Z4 Z5 Z6 X7,45,WT_TMP_G0046
P0993,X4 Z5 X6 Y7 Z8 Y9,402,WT_TMP_G0403
P0994,Y5 Z6 Y7 Z10,80,WT_TMP_G0081
P0995,Y4 Z5 Z6 Z7 Y8 Y9 Z10 Y11,134,WT_TMP_G0135
P0996,Z1 Y2 Z3 Z4 Z5 Y6,54,WT_TMP_G0055
P0997,X4 Z5 Z6 Z7 Z8 X9 Y10 Y11,301,WT_TMP_G0302
P0998,Y3 Z4 Z5 Z6 Z7 Y9,30,WT_TMP_G0031
P0999,X0 X1 X3 Z4 Z5 Z6 Z7 Z8 Z9 X10,446,WT_TMP_G0447
P1000,Y2 Z3 Z4 Y5 X8 X9,252,WT_TMP_G0253
P1001,X0 Z1 X2 Z9,4,WT_TMP_G0005
P1002,Y0 Z1 Y2 Y6 Z7 Z8 Z9 Y10,54,WT_TMP_G0055
P1003,Z6 Y9 Z10 Y11,22,WT_TMP_G0023
P1004,X3 X4 Y5 Y6,338,WT_TMP_G0339
P1005,X2 Y3 Y9 X10,152,WT_TMP_G0153
P1006,X0 X1 Y2 Y3,113,WT_TMP_G0114
P1007,X0 Z1 Z3 Z4 Z5 Z6 Z7 X8,37,WT_TMP_G0038
P1008,X0 Y1 Y3 Z4 Z5 X6,53,WT_TMP_G0054
P1009,X0 Z1 Z2 X3 X7 Z8 Z9 X10,1,WT_TMP_G0002
P1010,Y3 X4 X5 Y6,128,WT_TMP_G0129
P1011,Y6 Z7 Y8 X9 Z10 X11,49,WT_TMP_G0050
P1012,Y4 Z5 Y6 Z9,5,WT_TMP_G0006
P1013,Y3 Z4 Z5 Y6 Y8 Z9 Z10 Y11,44,WT_TMP_G0045
P1014,Y1 Z2 Y3 Y7 Z8 Y9,53,WT_TMP_G0054
P1015,X7 X8 Y9 Y10,52,WT_TMP_G0053
P1016,X1 Y2 Y10 X11,52,WT_TMP_G0053
P1017,X1 X2 X4 Z5 Z6 Z7 Z8 Z9 Z10 X11,572,WT_TMP_G0573
P1018,X0 Z1 Z2 Y3 Y8 Z9 Z10 X11,397,WT_TMP_G0398
P1019,X1 Y2 Y9 X10,191,WT_TMP_G0192
P1020,X6 Z7 X8 Z11,51,WT_TMP_G0052
P1021,Y2 Z3 Z4 Z5 Z6 X7 X8 Y9,52,WT_TMP_G0053
P1022,X1 Z2 Z3 Z4 X5 X7 Z8 X9,232,WT_TMP_G0233
P1023,X0 Z1 X2 Z7,2,WT_TMP_G0003
P1024,X0 Z1 X2 Y6 Z7 Y8,262,WT_TMP_G0263
P1025,Z0 X1 Z2 Z3 Z4 Z5 Z6 X7,45,WT_TMP_G0046
P1026,Y0 Z1 Y2 X6 Z7 X8,51,WT_TMP_G0052
P1027,Y1 Z2 Y3 X6 Z7 X8,434,WT_TMP_G0435
P1028,Y3 Z5 Z6 Z7 Z8 Z9 Z10 Y11,12,WT_TMP_G0013
P1029,Y2 Z3 Z4 Y5 X6 X7,382,WT_TMP_G0383
P1030,Z0 X3 Z4 Z5 Z6 X7,303,WT_TMP_G0304
P1031,Y2 X3 X4 Y5,160,WT_TMP_G0161
P1032,X1 Z2 Z3 Z4 X5 Y6 Z7 Z8 Z9 Y10,401,WT_TMP_G0402
P1033,Y0 Z1 Z2 X3 X7 Y8,185,WT_TMP_G0186
P1034,Y2 Z3 X4 X6 Z7 Y8,386,WT_TMP_G0387
P1035,Z0 X1 Z2 Z3 Z4 X5,72,WT_TMP_G0073
P1036,X1 X2 Y7 Y8,286,WT_TMP_G0287
P1037,Y5 X6 X9 Y10,32,WT_TMP_G0033
P1038,X0 Z1 Z3 Z4 Z5 X6,2,WT_TMP_G0003
P1039,Y3 Z4 Y5 Z7,32,WT_TMP_G0033
P1040,Y3 Z4 Y5 Z9,0,WT_TMP_G0001
P1041,Y4 Z5 Y6 Z8,33,WT_TMP_G0034
P1042,Y0 Z1 Z2 Z3 Z5 Y6,50,WT_TMP_G0051
P1043,Z3 Y5 Z6 Y7,23,WT_TMP_G0024
P1044,Z4 Y6 Z7 Y8,49,WT_TMP_G0050
P1045,X0 Z1 X2 Y4 Z5 Z6 Z7 Y8,390,WT_TMP_G0391
P1046,Z2 X6 Z7 X8,11,WT_TMP_G0012
P1047,Y4 Z5 Y6 Z10,5,WT_TMP_G0006
P1048,X2 Z3 Z4 Z5 X6 Z11,38,WT_TMP_G0039
P1049,Y1 Z2 Z3 Z4 Y5 Y6 Z7 Y8,49,WT_TMP_G0050
P1050,X0 Z1 Z2 Z3 Z4 Z5 Z6 Z7 Z8 X9 Y10 Y11,486,WT_TMP_G0487
P1051,X1 Z2 X3 Z10,48,WT_TMP_G0049
P1052,Y2 Z3 Z4 Z5 Z6 Z7 Z8 Z9 Y10,241,WT_TMP_G0242
P1053,Y5 Z6 Z8 Z9 Z10 Y11,80,WT_TMP_G0081
P1054,X6 Z7 Z8 Y9 Y10 X11,15,WT_TMP_G0016
P1055,Y3 X4 X6 Z7 Z8 Z9 Z10 Y11,158,WT_TMP_G0159
P1056,Z5 Y7 Z8 Z9 Z10 Y11,48,WT_TMP_G0049
P1057,Z2 Z9,1,WT_TMP_G0002
P1058,X1 Z2 X3 Y7 Z8 Z9 Z10 Y11,48,WT_TMP_G0049
P1059,X1 Y2 Y5 Z6 Z7 Z8 Z9 X10,493,WT_TMP_G0494
P1060,Y1 X2 X8 Y9,166,WT_TMP_G0167
P1061,Y5 Y6 X7 Z8 Z9 X10,41,WT_TMP_G0042
P1062,Y2 Z3 Z4 Z5 Y6,54,WT_TMP_G0055
P1063,X4 Z5 Z7 Z8 Z9 X10,46,WT_TMP_G0047
P1064,X4 Z5 Z6 Z7 Z8 X10,46,WT_TMP_G0047
P1065,Y1 Z2 Z3 Z4 Y5 Y7 Z8 Y9,214,WT_TMP_G0215
P1066,Z6 Z7,4,WT_TMP_G0005
P1067,Y0 Z1 Y2 X4 Z5 Z6 Z7 Z8 Z9 X10,46,WT_TMP_G0047
P1068,Z1 X2 Z3 Z4 Z5 X6,2,WT_TMP_G0003
P1069,X1 Z2 Z3 Z4 Z5 Z6 X7 Z9,45,WT_TMP_G0046
P1070,Y0 Z1 Z2 Z3 Z4 Y5 Y9 Y10,356,WT_TMP_G0357
P1071,Y1 Z2 Y3 X5 Z6 Z7 Z8 Z9 Z10 X11,34,WT_TMP_G0035
P1072,X7 Z8 X9 Z10,86,WT_TMP_G0087
P1073,X1 Z2 Z3 Z4 Z6 X7,45,WT_TMP_G0046
P1074,X3 Z4 Z5 Z6 Z7 X8 X10 X11,541,WT_TMP_G0542
P1075,Y0 Z1 Z2 Z3 Z4 Z5 Z6 Z7 Z8 X9 X10 Y11,167,WT_TMP_G0168
P1076,Z4 Y9 Z10 Y11,2,WT_TMP_G0003
P1077,X2 Z3 Z4 Y5 Y7 Z8 Z9 X10,27,WT_TMP_G0028
P1078,Z2 Y6 Z7 Y8,14,WT_TMP_G0015
P1079,X1 Z2 Z4 Z5 Z6 X7,45,WT_TMP_G0046
P1080,Z3 Y5 Z6 Z7 Z8 Y9,26,WT_TMP_G0027
P1081,Z0 Z9,18,WT_TMP_G0019
P1082,Y2 X3 X6 Y7,237,WT_TMP_G0238
P1083,X4 Z5 X6 X7 Z8 Z9 Z10 X11,94,WT_TMP_G0095
P1084,Z5 X6 Z7 X8,2,WT_TMP_G0003
P1085,Z0 X8 Z9 X10,45,WT_TMP_G0046
P1086,Y3 Z4 Z6 Z7 Z8 Z9 Z10 Y11,12,WT_TMP_G0013
P1087,Y1 X2 X3 Y4,307,WT_TMP_G0308
P1088,Y0 Y1 Y9 Y10,15,WT_TMP_G0016
P1089,Z2 Z7,7,WT_TMP_G0008
P1090,X1 Z2 Z3 Z4 Z5 Z6 X7 X8 Z9 X10,45,WT_TMP_G0046
P1091,Y2 X3 X4 Z5 Z6 Y7,124,WT_TMP_G0125
P1092,X1 Z2 Z4 Z5 Z6 Z7 Z8 X9,83,WT_TMP_G0084
P1093,X2 Z3 Z4 Z5 X6 Y7 Z8 Y9,507,WT_TMP_G0508
P1094,Y3 Z4 Z5 Z6 Z7 Z8 Y9 Z11,30,WT_TMP_G0031
P1095,X1 X2 Y3 Z4 Z5 Y6,44,WT_TMP_G0045
P1096,Y2 Y3 Y7 Y8,13,WT_TMP_G0014
P1097,X0 X1 Y8 Z9 Z10 Y11,44,WT_TMP_G0045
P1098,Y4 Z5 Y6 Y7 Z8 Y9,50,WT_TMP_G0051
P1099,Z1 X5 Z6 Z7 Z8 Z9 Z10 X11,43,WT_TMP_G0044
P1100,X0 Z1 Z2 Z3 X4 X9 Z10 X11,117,WT_TMP_G0118
P1101,Y2 Z3 Y4 X7 Z8 X9,508,WT_TMP_G0509
P1102,Y0 Z1 Z2 Z3 Y4 Z8,19,WT_TMP_G0020
P1103,X2 Z3 X4 Z9,43,WT_TMP_G0044
P1104,Z0 Y1 Z2 Z3 Z4 Z5 Z6 Y7,274,WT_TMP_G0275
P1105,Y0 Z1 Z2 Z3 Z4 X5 X6 Y7,141,WT_TMP_G0142
P1106,X2 Z3 X4 X5 Z6 Z7 Z8 Z9 Z10 X11,43,WT_TMP_G0044
P1107,Z2 X4 Z5 Z6 Z7 Z8 Z9 X10,182,WT_TMP_G0183
P1108,Y0 X1 X4 Y5,42,WT_TMP_G0043
P1109,X3 Z4 Z6 Z7 Z8 Z9 Z10 X11,4,WT_TMP_G0005
P1110,Y4 Y6,5,WT_TMP_G0006
P1111,X1 Z2 Z3 Y4 Y8 Z9 Z10 X11,391,WT_TMP_G0392
P1112,Z6 Z10,4,WT_TMP_G0005
P1113,Z11,1,WT_TMP_G0002
P1114,X7 Y8 Y9 X10,6,WT_TMP_G0007
P1115,Z5 Y6 Z7 Z8 Z9 Y10,54,WT_TMP_G0055
P1116,Y0 Z1 Z2 Z3 Y4 Y5 Z6 Z7 Z8 Z9 Z10 Y11,518,WT_TMP_G0519
P1117,Y1 Z2 Z3 Z4 Y5 Z9,41,WT_TMP_G0042
P1118,Y1 Z2 Z3 Z4 Y5 Z8,41,WT_TMP_G0042
P1119,Y0 Z1 Y2 X6 Z7 Z8 Z9 X10,99,WT_TMP_G0100
P1120,X1 Z2 Z3 Z4 Z5 Z6 Z7 Z8 X9,83,WT_TMP_G0084
P1121,X0 Z1 Z2 Z3 Z4 Z5 X6 Z8,24,WT_TMP_G0025
P1122,Z8 X9 Z10 X11,56,WT_TMP_G0057
P1123,X1 Z2 Z3 Y4 Y6 Z7 Z8 X9,330,WT_TMP_G0331
P1124,X2 X3 X7 Z8 Z9 X10,289,WT_TMP_G0290
P1125,Z5 X9 Z10 X11,35,WT_TMP_G0036
P1126,Y1 Z2 Z3 Z4 Y5 Z11,41,WT_TMP_G0042
P1127,Y1 Z2 Z3 Y4 Y6 Z7 Z8 Z9 Z10 Y11,40,WT_TMP_G0041
P1128,X0 Z1 X2 Z3,2,WT_TMP_G0003
P1129,Y2 Z3 Z4 Z5 X6 X8 Z9 Y10,51,WT_TMP_G0052
P1130,X1 Z2 Z3 Z4 Z5 Z6 X7 Z10,449,WT_TMP_G0450
P1131,Y6 Z7 Z9 Y10,10,WT_TMP_G0011
P1132,X7 X8 X10 X11,39,WT_TMP_G0040
P1133,X0 Z1 Z2 Z3 Z4 Z5 X6 X7 Z8 X9,63,WT_TMP_G0064
P1134,X1 Z2 Z3 Z5 Z6 X7,45,WT_TMP_G0046
P1135,Y0 Z1 Z2 X3 X5 Y6,39,WT_TMP_G0040
P1136,Y0 Y1 X4 Z5 Z6 Z7 Z8 Z9 Z10 X11,304,WT_TMP_G0305
P1137,Y0 Z1 Z2 Z3 Z4 Z5 Z6 X7 X8 Y9,132,WT_TMP_G0133
P1138,Y5 Z6 Z7 X8 X10 Y11,130,WT_TMP_G0131
P1139,Z4 Z11,7,WT_TMP_G0008
P1140,X5 Z6 X7 Z10,65,WT_TMP_G0066
P1141,X5 Z6 X7 Z9,65,WT_TMP_G0066
P1142,Y0 Z1 Z2 Z3 Y4 Y7 Z8 Y9,50,WT_TMP_G0051
P1143,Y2 Z3 Z4 Y5 X8 Z9 Z10 X11,382,WT_TMP_G0383
P1144,Y6 X7 X8 Y9,39,WT_TMP_G0040
P1145,Y4 Y5 Y7 Z8 Z9 Y10,535,WT_TMP_G0536
P1146,X0 Z1 Z2 Y3 Y6 Z7 Z8 X9,93,WT_TMP_G0094
P1147,X2 Z3 Z4 Z5 X6 Z9,38,WT_TMP_G0039
P1148,Y5 Z6 Y7 Z9,27,WT_TMP_G0028
P1149,X8 Z9 X10,37,WT_TMP_G0038
P1150,X2 Y3 Y7 X8,315,WT_TMP_G0316
P1151,Y0 X1 X3 Z4 Z5 Y6,231,WT_TMP_G0232
P1152,Z1 Z4,2,WT_TMP_G0003
P1153,X0 Z1 Z2 Y3 Y4 Z5 Z6 X7,188,WT_TMP_G0189
P1154,Y4 Z5 Z6 Z7 Z9 Y10,29,WT_TMP_G0030
P1155,X1 Z2 X3 Z7,21,WT_TMP_G0022
P1156,X0 Z2 Z3 Z4 Z5 Z6 Z7 X8,37,WT_TMP_G0038
P1157,Z6 X8 Z9 X10,37,WT_TMP_G0038
P1158,X4 Z5 Z6 X8,22,WT_TMP_G0023
P1159,Z0 Y5 Z6 Z7 Z8 Z9 Z10 Y11,84,WT_TMP_G0085
P1160,X2 X3 X5 X6,15,WT_TMP_G0016
P1161,Y4 Z6 Z7 Z8 Z9 Y10,145,WT_TMP_G0146
P1162,Y8 Y9 X10 X11,6,WT_TMP_G0007
P1163,Z4 X6 Z7 X8,2,WT_TMP_G0003
P1164,Z2 X8 Z9 X10,37,WT_TMP_G0038
P1165,X0 Z1 Z2 Z3 Z4 Z5 Z6 Z7 X8 Z11,37,WT_TMP_G0038
P1166,Y0 X1 X4 Z5 Z6 Z7 Z8 Y9,432,WT_TMP_G0433
P1167,X0 Z1 Z2 Z3 Z4 Z5 Z6 Z7 X8 Z9,37,WT_TMP_G0038
P1168,X0 Z1 Z2 Z3 Z4 X5 Y10 Y11,227,WT_TMP_G0228
P1169,Y2 Z3 Z4 Z5 Z6 Z7 Y8 Z9,92,WT_TMP_G0093
P1170,Z3 X5 Z6 Z7 Z8 Z9 Z10 X11,43,WT_TMP_G0044
P1171,Z7 X8 Z9 X10,37,WT_TMP_G0038
P1172,Z5 X8 Z9 X10,37,WT_TMP_G0038
P1173,Z3,2,WT_TMP_G0003
P1174,Z5 Y6 Z7 Y8,5,WT_TMP_G0006
P1175,X0 Z1 Z2 Z3 Z4 Z5 Z6 Z7 X8,37,WT_TMP_G0038
P1176,X2 Z3 Z4 X5 X7 X8,244,WT_TMP_G0245
P1177,X0 Y1 Y8 X9,25,WT_TMP_G0026
P1178,Y1 Z2 Z4 Z5 Z6 Y7,36,WT_TMP_G0037
P1179,Y1 X2 X4 Z5 Z6 Z7 Z8 Y9,175,WT_TMP_G0176
P1180,Y0 X1 X9 Y10,75,WT_TMP_G0076
P1181,Z2 Y9 Z10 Y11,24,WT_TMP_G0025
P1182,Y1 Z3 Z4 Z5 Z6 Y7,36,WT_TMP_G0037
P1183,X1 X2 X8 Z9 Z10 X11,171,WT_TMP_G0172
P1184,X0 Z1 Z2 Z3 Z4 Z5 X6 Z11,63,WT_TMP_G0064
P1185,Y2 Z3 Z4 Z6 Z7 Y8,35,WT_TMP_G0036
P1186,X0 Z1 X2 X5 Z6 Z7 Z8 X9,515,WT_TMP_G0516
P1187,Y1 Z2 Z3 Z4 Z5 Z6 Z7 X8 X9 Y10,8,WT_TMP_G0009
P1188,Y2 X3 X9 Y10,73,WT_TMP_G0074
P1189,X0 Z1 Z2 Z3 X4,64,WT_TMP_G0065
P1190,Y0 Z1 X2 X8 Z9 Y10,211,WT_TMP_G0212
P1191,X4 Z5 X6 Z11,1,WT_TMP_G0002
P1192,Y4 Z5 Y6 X7 Z8 X9,86,WT_TMP_G0087
P1193,Z2 Y3 Z4 Y5,90,WT_TMP_G0091
P1194,X3 X4 Y9 Y10,15,WT_TMP_G0016
P1195,X3 Z4 X5,39,WT_TMP_G0040
P1196,X5 Z6 X7 Y8 Z9 Y10,277,WT_TMP_G0278
P1197,Y1 Y2 X3 Z4 Z5 Z6 Z7 Z8 Z9 X10,203,WT_TMP_G0204
P1198,Y2 Z3 Z4 X5 X9 Y10,566,WT_TMP_G0567
P1199,X3 Z4 Z5 Z6 X7 Z8,123,WT_TMP_G0124
P1200,Z3 X9 Z10 X11,35,WT_TMP_G0036
P1201,X2 Y3 Y6 X7,44,WT_TMP_G0045
P1202,Z1 X9 Z10 X11,35,WT_TMP_G0036
P1203,Y0 Z1 Z3 Z4 Z5 Z6 Z7 Y8,35,WT_TMP_G0036
P1204,X4 X5 X7 X8,68,WT_TMP_G0069
P1205,X0 Z1 Z3 Z4 Z5 Z6 Z7 Z8 Z9 X10,77,WT_TMP_G0078
P1206,X1 Y2 Y4 Z5 Z6 Z7 Z8 X9,324,WT_TMP_G0325
P1207,X0 Z1 Z2 Z3 Z4 Y5 Y10 X11,23,WT_TMP_G0024
P1208,Y2 Z3 Z4 Z5 Z6 Z7 Y8 X9 Z10 X11,35,WT_TMP_G0036
P1209,Y2 Z3 Z4 Z5 Z6 Z7 Y8,35,WT_TMP_G0036
P1210,Z0 X5 Z6 Z7 Z8 Z9 Z10 X11,34,WT_TMP_G0035
P1211,X5 Z6 Z7 Z8 Z9 X11,34,WT_TMP_G0035
P1212,Y1 Z2 Y3 Z10,34,WT_TMP_G0035
P1213,Z4 X5 Z6 Z7 Z8 Z9 Z10 X11,34,WT_TMP_G0035
P1214,X1 Z2 Z4 X5,69,WT_TMP_G0070
P1215,X2 Y3 Y5 Z6 Z7 Z8 Z9 X10,204,WT_TMP_G0205
P1216,Y3 Z4 Y5 X6 Z7 X8,398,WT_TMP_G0399
P1217,Y2 Z3 Y4 X7 Z8 Z9 Z10 X11,180,WT_TMP_G0181
P1218,Y0 Z1 Y2 Y4 Z5 Y6,33,WT_TMP_G0034
P1219,Y3 X4 X10 Y11,46,WT_TMP_G0047
P1220,Y3 Y4 Y6 Z7 Z8 Y9,33,WT_TMP_G0034
P1221,X3 Z4 Z5 Z6 Z8 Z9 Z10 X11,4,WT_TMP_G0005
P1222,Y0 Z1 Z2 Z3 Z4 Z5 Y6 Y9 Z10 Y11,297,WT_TMP_G0298
P1223,X6 Z7 Z8 X9 Y10 Y11,32,WT_TMP_G0033
P1224,X4 Y5 Y7 Z8 Z9 X10,238,WT_TMP_G0239
P1225,Y2 Y3 X6 Z7 Z8 X9,32,WT_TMP_G0033
P1226,Y2 Z3 Z4 Z5 Y6 Y8 Z9 Y10,424,WT_TMP_G0425
P1227,Y1 Y2 Y10 Y11,31,WT_TMP_G0032
P1228,Y3 Z4 Z6 Z7 Z8 Y9,30,WT_TMP_G0031
P1229,Y1 Z2 Z3 Z4 Z5 Z6 Z7 Z9 Z10 Y11,174,WT_TMP_G0175
P1230,Z5 Z7,2,WT_TMP_G0003
P1231,X2 Z3 Z4 Z5 Z6 Z7 Z8 Z9 X10 Z11,77,WT_TMP_G0078
P1232,X1 Z2 Z3 X4 X8 X9,68,WT_TMP_G0069
P1233,X1 Y2 Y5 Z6 Z7 X8,252,WT_TMP_G0253
P1234,X0 Z1 Y2 Y6 Z7 X8,10,WT_TMP_G0011
P1235,X1 Z2 Z3 X4 Y5 Z6 Z7 Y8,42,WT_TMP_G0043
P1236,X1 Z2 Y3 Y5 Z6 Z7 Z8 Z9 Z10 X11,109,WT_TMP_G0110
P1237,X2 Z3 X4 Z8,43,WT_TMP_G0044
P1238,Y1 Z2 Z3 Z4 Z5 Z6 Y7,36,WT_TMP_G0037
P1239,X4 Z5 X6,1,WT_TMP_G0002
P1240,Y3 Z4 Z5 Z6 Z7 Z8 Y9,30,WT_TMP_G0031
P1241,X0 Z1 X2 Y3 Z4 Z5 Z6 Y7,315,WT_TMP_G0316
P1242,Y0 Z1 Y2 Z11,30,WT_TMP_G0031
P1243,Z1 Y3 Z4 Z5 Z6 Z7 Z8 Y9,30,WT_TMP_G0031
P1244,X6 Y7 Y9 X10,53,WT_TMP_G0054
P1245,Y3 Z4 Z5 Z6 Z8 Y9,30,WT_TMP_G0031
P1246,Z7 Y8 Z9 Y10,29,WT_TMP_G0030
P1247,Z2 Y3 Z4 Z5 Z6 Z7 Z8 Y9,240,WT_TMP_G0241
P1248,X5 Z6 Z8 Z9 Z10 X11,34,WT_TMP_G0035
P1249,Z0 Y1 Z2 Y3,29,WT_TMP_G0030
P1250,Y0 Z1 Z2 Z3 Y4 Y9 Z10 Y11,172,WT_TMP_G0173
P1251,Y0 Z1 Y2 Z3,26,WT_TMP_G0027
P1252,Y1 Z2 Y3 Z11,29,WT_TMP_G0030
P1253,X1 Z2 Z3 Z4 X5 Z9,226,WT_TMP_G0227
P1254,Y4 Z5 Z6 Z7 Y8,29,WT_TMP_G0030
P1255,Z3 Y5 Z6 Z7 Z8 Z9 Z10 Y11,84,WT_TMP_G0085
P1256,Y0 Y2,12,WT_TMP_G0013
P1257,Y1 Z2 Z3 X4 X10 Y11,28,WT_TMP_G0029
P1258,X0 Z2 Z3 X4,28,WT_TMP_G0029
P1259,Y1 Z2 Z3 X4 X7 Y8,28,WT_TMP_G0029
P1260,Y2 Z3 Z4 Z5 Z6 Y7 X10 X11,396,WT_TMP_G0397
P1261,Y0 Z1 Z2 Z3 X4 X8 Z9 Y10,437,WT_TMP_G0438
P1262,Y4 Z5 Z6 Z7 Z8 Y10,70,WT_TMP_G0071
P1263,X1 Z2 Z3 Z4 X5 Z10,72,WT_TMP_G0073
P1264,Y0 Z1 Y2 X9 Z10 X11,35,WT_TMP_G0036
P1265,Y6 Z7 Z8 Y10,54,WT_TMP_G0055
P1266,X5 Z7 Z8 Z9 Z10 X11,34,WT_TMP_G0035
P1267,X4 Z5 X6 Z9,1,WT_TMP_G0002
P1268,Z1 Y5 Z6 Z7 Z8 Y9,26,WT_TMP_G0027
P1269,Z1 Y6 Z7 Y8,100,WT_TMP_G0101
P1270,Y5 Z6 Z7 Z8 Y9 Z10,26,WT_TMP_G0027
P1271,Y5 Z6 Y7 Y8 Z9 Y10,266,WT_TMP_G0267
P1272,X6 Z7 X8 Y9 Z10 Y11,2,WT_TMP_G0003
P1273,X0 Z1 X2 Z6,4,WT_TMP_G0005
P1274,X3 Z5 Z6 Z7 Z8 X9,7,WT_TMP_G0008
P1275,X2 Z3 X4 Z5,22,WT_TMP_G0023
P1276,X0 X2,0,WT_TMP_G0001
P1277,X3 Z4 Z6 X7,110,WT_TMP_G0111
P1278,Y2 Z3 Z4 Z5 Z7 Y8,35,WT_TMP_G0036
P1279,Y0 Y1 X6 Z7 Z8 X9,32,WT_TMP_G0033
P1280,Z0 Y6 Z7 Z8 Z9 Y10,138,WT_TMP_G0139
P1281,X1 Z2 X3 X4 Z5 Z6 Z7 Z8 Z9 X10,499,WT_TMP_G0500
P1282,X3 Z5 Z6 Z7 Z8 Z9 Z10 X11,4,WT_TMP_G0005
P1283,X5 X6 Y7 Y8,3,WT_TMP_G0004
P1284,Y4 Z5 Z6 Z7 Z8 Z9 Y10 Z11,145,WT_TMP_G0146
P1285,Z7,2,WT_TMP_G0003
P1286,Y4 Z5 Y6 Z11,14,WT_TMP_G0015
P1287,Y1 Z2 Y3 Y4 Z5 Z6 Z7 Z8 Z9 Y10,551,WT_TMP_G0552
P1288,Y6 Z7 Z8 X9 X10 Y11,78,WT_TMP_G0079
P1289,Z2 X7 Z8 X9,19,WT_TMP_G0020
P1290,Z1 X2 Z3 X4,43,WT_TMP_G0044
P1291,Y4 Y5 Y7 Y8,200,WT_TMP_G0201
P1292,Y3 Z5 Z6 Z7 Z8 Y9,30,WT_TMP_G0031
P1293,Z3 Z11,14,WT_TMP_G0015
P1294,Y5 Z6 Z7 Z8 Z10 Y11,26,WT_TMP_G0027
P1295,Y0 Z1 Z2 Z3 Y4 Z10,172,WT_TMP_G0173
P1296,Z4 Y5 Z6 Z7 Z8 Z9 Z10 Y11,105,WT_TMP_G0106
P1297,X9 X11,8,WT_TMP_G0009
P1298,Y1 Z2 Y3,25,WT_TMP_G0026
P1299,Y1 Z2 Y3 Z4,25,WT_TMP_G0026
P1300,Y0 Z1 Z2 X3 X8 Y9,39,WT_TMP_G0040
P1301,X0 Z1 Z2 Z3 Z4 Z5 X6 Y7 Z8 Y9,24,WT_TMP_G0025
P1302,X2 Z3 Z4 Y5 Y7 X8,342,WT_TMP_G0343
P1303,X1 Z2 Z3 X4 X6 X7,68,WT_TMP_G0069
P1304,X4 X5 Y6 Y7,75,WT_TMP_G0076
P1305,Y3 Z4 Z5 Z7 Z8 Z9 Z10 Y11,12,WT_TMP_G0013
P1306,X0 Z1 Z2 Z3 Z5 X6,24,WT_TMP_G0025
P1307,Z2 Z11,1,WT_TMP_G0002
P1308,Z7 Z8,4,WT_TMP_G0005
P1309,Z1 Y3 Z4 Z5 Z6 Y7,13,WT_TMP_G0014
P1310,Y0 Z1 Z2 Z3 Y4 Z9,168,WT_TMP_G0169
P1311,Z0 Z3,8,WT_TMP_G0009
P1312,X0 Z1 Z2 Y3 Y5 Z6 Z7 X8,296,WT_TMP_G0297
P1313,X0 Z1 Z2 Z3 Z4 Z5 Z6 Z7 Z8 Z9 X10,154,WT_TMP_G0155
P1314,Z2 Y7 Z8 Z9 Z10 Y11,48,WT_TMP_G0049
P1315,X0 Z1 Z2 Z3 Y4 Y6 Z7 X8,479,WT_TMP_G0480
P1316,Y0 Z1 Y2 Y3 Z4 Z5 Z6 Y7,66,WT_TMP_G0067
P1317,Z8 Y9 Z10 Y11,24,WT_TMP_G0025
P1318,X0 Z1 Z2 Z3 X4 Y8 Z9 Y10,179,WT_TMP_G0180
P1319,X3 Z4 Z5 Z6 Z7 Z8 X9,7,WT_TMP_G0008
P1320,Y0 Z1 Z2 Z3 Z4 Y5 X6 Z7 Z8 Z9 Z10 X11,575,WT_TMP_G0576
P1321,Y4 Z5 Z7 Y8,5,WT_TMP_G0006
P1322,Y0 X1 X2 Y3,9,WT_TMP_G0010
P1323,Y0 X1 X3 Z4 Z5 Z6 Z7 Z8 Z9 Y10,21,WT_TMP_G0022
P1324,Z0 Z2,8,WT_TMP_G0009
P1325,Z3 Y7 Z8 Y9,23,WT_TMP_G0024
P1326,Z2 Y5 Z6 Y7,23,WT_TMP_G0024
P1327,Z2 X5 Z6 Z7 Z8 Z9 Z10 X11,34,WT_TMP_G0035
P1328,X2 Z3 X4 X5 Z6 X7,355,WT_TMP_G0356
P1329,X1 X3,20,WT_TMP_G0021
P1330,Y0 Z1 Y2 Z7,12,WT_TMP_G0013
P1331,Z1 Y7 Z8 Y9,23,WT_TMP_G0024
P1332,X4 Z5 Z7 X8,22,WT_TMP_G0023
P1333,Z2 Z10,3,WT_TMP_G0004
P1334,Y0 Z1 Z2 X3 X4 Y5,250,WT_TMP_G0251
P1335,Z2 Y7 Z8 Y9,23,WT_TMP_G0024
P1336,X0 Z1 Z2 Y3 Y5 X6,238,WT_TMP_G0239
P1337,Y0 Z1 Z2 Z3 Z4 Z5 Z6 X7 X10 Y11,132,WT_TMP_G0133
P1338,X4 Z5 Z6 Z7 X8 Z10,22,WT_TMP_G0023
P1339,Z3 X7 Z8 X9,19,WT_TMP_G0020
P1340,Z1 Y5 Z6 Y7,23,WT_TMP_G0024
P1341,Z1 Y4 Z5 Y6,33,WT_TMP_G0034
P1342,X2 Z3 Z4 Y5 Y9 X10,342,WT_TMP_G0343
P1343,Z2 Z6,7,WT_TMP_G0008
P1344,X3 Z4 X5 Z9,69,WT_TMP_G0070
P1345,Y0 Z1 Y2 Z9,12,WT_TMP_G0013
P1346,X0 Y1 Y5 Z6 Z7 Z8 Z9 X10,400,WT_TMP_G0401
P1347,X2 Z3 Z4 Z5 Z7 X8,2,WT_TMP_G0003
P1348,X0 Y1 Y9 X10,6,WT_TMP_G0007
P1349,Y7 Z8 Y9 Z11,53,WT_TMP_G0054
P1350,Z2 X3 Z4 X5,39,WT_TMP_G0040
P1351,Y0 Z1 Y2 Y3 Z4 Z5 Z6 Z7 Z8 Y9,30,WT_TMP_G0031
P1352,X2 Z3 X4 Z10,22,WT_TMP_G0023
P1353,Y6 Z8 Z9 Y10,54,WT_TMP_G0055
P1354,Y1 Z2 Z3 X4 X8 Z9 Z10 Y11,169,WT_TMP_G0170
P1355,X0 Z1 X2 X6 Z7 X8,2,WT_TMP_G0003
P1356,X0 X1 X9 X10,68,WT_TMP_G0069
P1357,X1 X2 Y3 Y4,9,WT_TMP_G0010
P1358,X0 Z1 Z2 Z3 Z4 Y5 Y6 Z7 Z8 X9,78,WT_TMP_G0079
P1359,X2 Z3 Z4 Z5 Z6 Z7 X8 X9 Z10 X11,466,WT_TMP_G0467
P1360,Y3 Z4 Y5 X9 Z10 X11,198,WT_TMP_G0199
P1361,X4 Z5 Z6 Z7 Z9 X10,46,WT_TMP_G0047
P1362,Y5 Z6 Y7 X9 Z10 X11,370,WT_TMP_G0371
P1363,X2 Z3 X4 Y9 Z10 Y11,22,WT_TMP_G0023
P1364,X0 Z1 Z2 Z3 Z4 Z5 X6 X8 Z9 X10,495,WT_TMP_G0496
P1365,X5 Z6 Z8 X9,19,WT_TMP_G0020
P1366,X2 Z3 X4 Z6,22,WT_TMP_G0023
P1367,X2 Y3 Y4 Z5 Z6 Z7 Z8 Z9 Z10 X11,9,WT_TMP_G0010
P1368,Y8 Y10,20,WT_TMP_G0021
P1369,Y0 Z1 Z2 Z3 Z4 Y5 Y7 Z8 Z9 Y10,532,WT_TMP_G0533
P1370,Z5 Z8,1,WT_TMP_G0002
P1371,Z2 Y8 Z9 Y10,20,WT_TMP_G0021
P1372,Y2 Z3 Z4 X5 X7 Z8 Z9 Y10,155,WT_TMP_G0156
P1373,Z5 Z6,4,WT_TMP_G0005
P1374,Z2 Z5,1,WT_TMP_G0002
P1375,X2 Z3 Z4 Z5 Z6 X7 Y8 Z9 Z10 Y11,218,WT_TMP_G0219
P1376,Y0 Z1 Z2 Z3 Z4 Z5 Z6 Z8 Z9 Y10,16,WT_TMP_G0017
P1377,Y1 Y2 X7 Z8 Z9 X10,340,WT_TMP_G0341
P1378,Y5 Z6 Z7 Z8 Y9,26,WT_TMP_G0027
P1379,X3 Y4 Y6 X7,20,WT_TMP_G0021
P1380,Y0 Z1 Z2 Z3 Z4 Z5 Y6 Z7,102,WT_TMP_G0103
P1381,Y1 Z2 Y3 Z9,29,WT_TMP_G0030
P1382,X5 Y6 Y8 X9,75,WT_TMP_G0076
P1383,X0 Z1 Z2 Z3 Z4 Z5 Z6 Y7 Y9 X10,295,WT_TMP_G0296
P1384,X1 Z2 X3 Z11,20,WT_TMP_G0021
P1385,Y3 Z4 Z5 Z6 Z7 Y8 X9 X10,25,WT_TMP_G0026
P1386,Y3 Z4 Y5 X8 Z9 X10,305,WT_TMP_G0306
P1387,Y8 Z9 Y10,20,WT_TMP_G0021
P1388,Z4 X8 Z9 X10,37,WT_TMP_G0038
P1389,Y1 X2 X6 Y7,225,WT_TMP_G0226
P1390,X1 Z2 X3 Y4 Z5 Y6,20,WT_TMP_G0021
P1391,Y2 Z3 Y4 Y9 Z10 Y11,26,WT_TMP_G0027
P1392,X7 X9,19,WT_TMP_G0020
P1393,Y0 Y1 X4 Z5 Z6 Z7 Z8 X9,301,WT_TMP_G0302
P1394,Y1 Z2 Z3 Z4 X5 X7 Z8 Y9,247,WT_TMP_G0248
P1395,X2 X3 Y4 Z5 Z6 Y7,272,WT_TMP_G0273
P1396,Y0 Z1 Z2 Z3 Y4 Z6,19,WT_TMP_G0020
P1397,X4 Z5 Z6 Y7 Y8 Z9 Z10 X11,124,WT_TMP_G0125
P1398,Y1 Z2 Z3 Y4 Y8 Y9,14,WT_TMP_G0015
P1399,Z4 X7 Z8 X9,63,WT_TMP_G0064
P1400,Y0 Z1 Z2 Z3 Z5 Z6 Z7 Y8,88,WT_TMP_G0089
P1401,X5 X6 X10 X11,6,WT_TMP_G0007
P1402,X0 Z1 Z2 Z3 Z4 Z5 Z6 Z7 Z9 X10,37,WT_TMP_G0038
P1403,Z9 Z11,1,WT_TMP_G0002
P1404,Y0 Z1 Z2 Z3 Y4 X7 Z8 X9,19,WT_TMP_G0020
P1405,Y5 Z7 Z8 Y9,26,WT_TMP_G0027
P1406,Z1 X2 Z3 Z4 Z5 Z6 Z7 Z8 Z9 X10,77,WT_TMP_G0078
P1407,Y0 Z1 Y2 Z10,12,WT_TMP_G0013
P1408,X1 Z2 Z3 Z4 Z5 Z6 Z8 X9,83,WT_TMP_G0084
P1409,Z3 X5 Z6 X7,19,WT_TMP_G0020
P1410,X1 X2 Y9 Y10,70,WT_TMP_G0071
P1411,X0 Z1 Z3 X4,10,WT_TMP_G0011
P1412,X5 Z6 X7 Z11,19,WT_TMP_G0020
P1413,Y0 Z1 Z2 Z3 Z4 X5 X9 Y10,345,WT_TMP_G0346
P1414,Y0 Y1 Y3 Z4 Z5 Z6 Z7 Y8,270,WT_TMP_G0271
P1415,Y4 Y5 X8 Z9 Z10 X11,67,WT_TMP_G0068
P1416,X0 Z1 Z2 Z3 X4 X8 Z9 X10,64,WT_TMP_G0065
P1417,Y0 X1 X3 Y4,20,WT_TMP_G0021
P1418,Y1 X2 X8 Z9 Z10 Y11,230,WT_TMP_G0231
P1419,Z1 X5 Z6 X7,19,WT_TMP_G0020
P1420,Y1 Y2 Y4 Z5 Z6 Z7 Z8 Y9,392,WT_TMP_G0393
P1421,X2 Z3 Z4 X6,2,WT_TMP_G0003
P1422,X3 Z4 X5 Z11,110,WT_TMP_G0111
P1423,Y9 Z10 Y11,2,WT_TMP_G0003
P1424,X1 Z2 Z3 Y4 Y7 Z8 Z9 X10,428,WT_TMP_G0429
P1425,X5 Z6 Z7 Z8 Z10 X11,34,WT_TMP_G0035
P1426,X7 Z8 X9,19,WT_TMP_G0020
P1427,Y6 Z7 Y8 Z10,5,WT_TMP_G0006
P1428,Y4 X5 X9 Y10,19,WT_TMP_G0020
P1429,Y0 Z1 Z2 Z3 Z4 Z5 Y6 X7 Z8 Z9 Z10 X11,144,WT_TMP_G0145
P1430,Z6 Y7 Z8 Y9,23,WT_TMP_G0024
P1431,Z7 Y9 Z10 Y11,2,WT_TMP_G0003
P1432,X3 Z4 X5 Y6 Z7 Z8 Z9 Y10,159,WT_TMP_G0160
P1433,X4 X5 Y6 Z7 Z8 Y9,478,WT_TMP_G0479
P1434,Z6 Z9,4,WT_TMP_G0005
P1435,X4 Z5 Z6 Z7 Z8 Z9 X10,46,WT_TMP_G0047
P1436,Z2 X5 Z6 X7,19,WT_TMP_G0020
P1437,X1 Z2 Z3 Z4 Z5 Z6 Z7 Z8 X9 Z11,83,WT_TMP_G0084
P1438,X0 X1 Y6 Z7 Z8 Y9,326,WT_TMP_G0327
P1439,Y0 Z1 Y2 X3 Z4 Z5 Z6 Z7 Z8 Z9 Z10 X11,384,WT_TMP_G0385
P1440,Z3 X4 Z5 Z6 Z7 X8,22,WT_TMP_G0023
P1441,X1 Z2 Z3 Z4 Z5 X7,45,WT_TMP_G0046
P1442,X0 Z1 X2 Z4,2,WT_TMP_G0003
P1443,X2 Z3 Z4 Y5 Y10 X11,103,WT_TMP_G0104
P1444,X1 Z2 Z3 Z4 Z5 Z6 Z7 Z9 Z10 X11,18,WT_TMP_G0019
P1445,X0 X1 X3 Z4 Z5 X6,278,WT_TMP_G0279
P1446,X1 Z2 Z3 Z4 Z5 X6 Y7 Y8,205,WT_TMP_G0206
P1447,X0 Z1 Z2 Z3 Z4 Z5 Z6 X7 Y8 Y9,47,WT_TMP_G0048
P1448,Y3 Z4 Z5 Z6 Z8 Z9 Z10 Y11,12,WT_TMP_G0013
P1449,X4 Z5 Z6 Y7 Y10 X11,162,WT_TMP_G0163
P1450,Z4 Z9,0,WT_TMP_G0001
P1451,Y3 X4 X9 Y10,79,WT_TMP_G0080
P1452,Y0 X1 X8 Y9,22,WT_TMP_G0023
P1453,Y3 Z4 Y5 Z11,99,WT_TMP_G0100
P1454,X0 Z1 Z2 X3 X5 X6,3,WT_TMP_G0004
P1455,X4 Y5 Y7 X8,169,WT_TMP_G0170
P1456,X0 Z1 Z2 Y3 Y6 Z7 Z8 Z9 Z10 X11,177,WT_TMP_G0178
P1457,X2 Z3 X4 Y6 Z7 Y8,148,WT_TMP_G0149
P1458,X0 Z1 Z2 Z3 Z4 Z5 Z7 X8,37,WT_TMP_G0038
P1459,X3 X4 X10 X11,6,WT_TMP_G0007
P1460,X3 Z4 Z5 Y6 Y7 Z8 Z9 X10,249,WT_TMP_G0250
P1461,Y1 Z2 Z3 Z4 Z5 Z6 Z8 Y9,229,WT_TMP_G0230
P1462,Z1 Y6 Z7 Z8 Z9 Y10,54,WT_TMP_G0055
P1463,X4 X5 Y10 Y11,10,WT_TMP_G0011
P1464,Z0 X1 Z2 Z3 Z4 Z5 Z6 Z7 Z8 Z9 Z10 X11,18,WT_TMP_G0019
P1465,Y0 X1 X5 Y6,61,WT_TMP_G0062
P1466,Y5 Y6 Y10 Y11,55,WT_TMP_G0056
P1467,X4 Y5 Y8 Z9 Z10 X11,556,WT_TMP_G0557
P1468,Y4 X5 X8 Z9 Z10 Y11,350,WT_TMP_G0351
P1469,Y4 Z5 Y6 Z7,5,WT_TMP_G0006
P1470,X8 Z9 X10 Z11,37,WT_TMP_G0038
P1471,Y3 Z4 Z5 X6 X7 Z8 Z9 Y10,558,WT_TMP_G0559
P1472,X1 Z2 Z3 Z4 Z5 Z7 Z8 Z9 Z10 X11,18,WT_TMP_G0019
P1473,X1 Y2 Y3 Z4 Z5 X6,17,WT_TMP_G0018
P1474,X0 Y1 Y4 X5,40,WT_TMP_G0041
P1475,Y0 Z1 Z2 Y4,19,WT_TMP_G0020
P1476,X0 Y1 Y2 Z3 Z4 Z5 Z6 Z7 Z8 X9,285,WT_TMP_G0286
P1477,Y6 Z7 Y8 Z9,5,WT_TMP_G0006
P1478,Z0 Z8,18,WT_TMP_G0019
P1479,X1 Y2 Y7 X8,17,WT_TMP_G0018
P1480,Y0 X1 X6 Y7,17,WT_TMP_G0018
P1481,Y0 Z1 Z3 Z4 Z5 Z6 Z7 Z8 Z9 Y10,16,WT_TMP_G0017
P1482,X0 X1 X7 X8,52,WT_TMP_G0053
P1483,Y3 X4 X8 Z9 Z10 Y11,290,WT_TMP_G0291
P1484,Y2 Y3 Y5 Z6 Z7 Y8,498,WT_TMP_G0499
P1485,Y1 Z2 Y3 Z6,25,WT_TMP_G0026
P1486,Z3 Z8,16,WT_TMP_G0017
P1487,Y1 Y2 Y6 Y7,189,WT_TMP_G0190
P1488,Y6 Z7 Y8,5,WT_TMP_G0006
P1489,X1 Z2 X3 Z6,21,WT_TMP_G0022
P1490,X1 Z2 Z3 Z4 Z5 Y6 Y8 Z9 Z10 X11,546,WT_TMP_G0547
P1491,X0 Z1 Z2 Z3 X4 X5 Z6 Z7 Z8 X9,117,WT_TMP_G0118
P1492,Y5 Y6 X7 X8,64,WT_TMP_G0065
P1493,Y2 Z4 Z5 Z6 Z7 Y8,35,WT_TMP_G0036
P1494,X1 Z2 Z3 Z5 Z6 Z7 Z8 Z9 Z10 X11,18,WT_TMP_G0019
P1495,X4 Z6 Z7 Z8 Z9 X10,46,WT_TMP_G0047
P1496,Y0 Z1 Z2 Z3 Z4 X5 X7 Y8,345,WT_TMP_G0346
P1497,Y0 Z1 Z2 Z4 Z5 Z6 Z7 Z8 Z9 Y10,16,WT_TMP_G0017
P1498,X8 Y9 Y10 X11,52,WT_TMP_G0053
P1499,Y0 X1 X3 Z4 Z5 Z6 Z7 Y8,536,WT_TMP_G0537
P1500,X2 X4,15,WT_TMP_G0016
P1501,Z2 X3 Z4 Z5 Z6 Z7 Z8 X9,7,WT_TMP_G0008
P1502,Y7 Y9,23,WT_TMP_G0024
P1503,Y1 X2 X6 Z7 Z8 Y9,15,WT_TMP_G0016
P1504,Y6 Z7 Y8 Z11,14,WT_TMP_G0015
P1505,Y0 Y1 Y5 Z6 Z7 Z8 Z9 Y10,31,WT_TMP_G0032
P1506,X2 Z3 Z4 X5 Y10 Y11,91,WT_TMP_G0092
P1507,Y0 Z1 Z2 Z3 Z4 Z5 Z6 Y8,88,WT_TMP_G0089
P1508,X2 Z3 Z5 Z6 Z7 X8,22,WT_TMP_G0023
P1509,Y4 X5 X8 Y9,172,WT_TMP_G0173
P1510,Y2 Z3 Y4 X9 Z10 X11,324,WT_TMP_G0325
P1511,X1 Z2 Z3 Z4 Z5 Z6 Z7 X8 Y9 Y10,531,WT_TMP_G0532
P1512,X3 Z4 X5 Z7,69,WT_TMP_G0070
P1513,Y2 Y3 X10 X11,13,WT_TMP_G0014
P1514,Z2 Z4,7,WT_TMP_G0008
P1515,Y5 Z6 Y7,23,WT_TMP_G0024
P1516,Y2 Z3 Z4 Z5 Z6 Z7 Y8 Z10,35,WT_TMP_G0036
P1517,Y1 Z2 Z3 Z4 Z5 Z6 Y7 X8 Z9 X10,274,WT_TMP_G0275
P1518,Z3 Z9,5,WT_TMP_G0006
P1519,Y0 Z1 Y2 Y5 Z6 Z7 Z8 Y9,26,WT_TMP_G0027
P1520,X2 Z3 Z5 Z6 Z7 Z8 Z9 X10,77,WT_TMP_G0078
P1521,X5 Z6 X7,19,WT_TMP_G0020
P1522,Z0 Z11,14,WT_TMP_G0015
P1523,Z0 X1 Z2 Z3 Z4 Z5 Z6 Z7 Z8 X9,83,WT_TMP_G0084
P1524,Y2 Z3 Z5 Z6 Z7 Y8,35,WT_TMP_G0036
P1525,Y0 Y1 X8 X9,36,WT_TMP_G0037
P1526,X3 Z4 Z5 Z6 Z8 X9,7,WT_TMP_G0008
P1527,X5 Z6 Z7 Z8 Z9 Z10 X11,34,WT_TMP_G0035
P1528,X3 Z4 Z5 Z7 Z8 Z9 Z10 X11,4,WT_TMP_G0005
P1529,Z0 Y1 Z2 Z3 Z4 Y5,214,WT_TMP_G0215
P1530,Y0 Z1 Y2 Z4,12,WT_TMP_G0013
P1531,Z1 Y3 Z4 Z5 Z6 Z7 Z8 Z9 Z10 Y11,12,WT_TMP_G0013
P1532,Y0 Z1 Y2 Z5,12,WT_TMP_G0013
P1533,Z0 Z5,8,WT_TMP_G0009
P1534,Y3 Z4 X5 X9 Z10 Y11,292,WT_TMP_G0293
P1535,X0 Z1 Z2 X3 Y4 Y5,104,WT_TMP_G0105
P1536,Y3 X4 X8 Y9,147,WT_TMP_G0148
P1537,X0 Z1 X2 X3 Z4 Z5 Z6 Z7 Z8 Z9 Z10 X11,4,WT_TMP_G0005
P1538,Y1 Z2 Z3 Z4 Z5 Y6 X9 X10,373,WT_TMP_G0374
P1539,X7 Z8 X9 Z11,19,WT_TMP_G0020
P1540,X0 Z1 Y2 Y8 Z9 X10,13,WT_TMP_G0014
P1541,Z6 Y8 Z9 Y10,29,WT_TMP_G0030
P1542,Y0 Z1 Y2,12,WT_TMP_G0013
P1543,Z1 Z5,1,WT_TMP_G0002
P1544,X2 X3 X5 Z6 Z7 Z8 Z9 X10,354,WT_TMP_G0355
P1545,Z1 Y4 Z5 Z6 Z7 Y8,223,WT_TMP_G0224
P1546,Z5 X7 Z8 X9,63,WT_TMP_G0064
P1547,Y7 Y8 X9 X10,116,WT_TMP_G0117
P1548,Z4 Z6,4,WT_TMP_G0005
P1549,X3 Y4 Y5 Z6 Z7 X8,67,WT_TMP_G0068
P1550,X1 Z2 Z3 Z4 Z5 Z6 X7 Z11,45,WT_TMP_G0046
P1551,Y0 Z1 Y2 Z6,12,WT_TMP_G0013
P1552,X0 Z1 Z2 Z3 X4 Z11,64,WT_TMP_G0065
P1553,X3 Z4 Z5 Z6 Z7 Z8 Z9 X11,4,WT_TMP_G0005
P1554,Y4 Z5 Z6 Y7 X8 Z9 Z10 X11,472,WT_TMP_G0473
P1555,Y0 Z1 Y2 Y3 Z4 Z5 Z6 Z7 Z8 Z9 Z10 Y11,12,WT_TMP_G0013
P1556,X0 Z1 X2 X4 Z5 X6,94,WT_TMP_G0095
P1557,Y0 X1 X7 Y8,20,WT_TMP_G0021
P1558,Y2 Z3 X4 X8 Z9 Y10,10,WT_TMP_G0011
P1559,Y2 X3 X5 Y6,399,WT_TMP_G0400
P1560,Y0 Z1 Z2 Z3 Z4 Y5 X8 Z9 Z10 X11,11,WT_TMP_G0012
P1561,X2 Z3 Y4 Y8 Z9 X10,390,WT_TMP_G0391
P1562,Y1 Z2 X3 X7 Z8 Z9 Z10 Y11,520,WT_TMP_G0521
P1563,Y1 X2 X10 Y11,76,WT_TMP_G0077
P1564,X1 Z2 Z3 Z4 Z5 Z6 Z7 Z8 Z9 Z10 X11,18,WT_TMP_G0019
P1565,X5 Z6 X7 Z8,19,WT_TMP_G0020
P1566,X5 X6 Y9 Y10,15,WT_TMP_G0016
P1567,X1 Z2 X3 Z8,21,WT_TMP_G0022
P1568,X0 Y1 Y6 X7,41,WT_TMP_G0042
P1569,X1 Z2 Z3 Z4 Z5 Y6 Y9 X10,163,WT_TMP_G0164
P1570,X5 Z6 X7 X9 Z10 X11,122,WT_TMP_G0123
P1571,Z5 Y8 Z9 Y10,20,WT_TMP_G0021
P1572,X3 Z4 Z5 X6 X8 Z9 Z10 X11,298,WT_TMP_G0299
P1573,Y1 Z2 Z3 Y4 X7 X8,95,WT_TMP_G0096
P1574,Z0 Z4,8,WT_TMP_G0009
P1575,Z2 Z3,8,WT_TMP_G0009
P1576,Y0 Z1 Z2 Z3 Z4 Z5 Z6 Z7 Y8,88,WT_TMP_G0089
P1577,Y0 Z1 Z2 Z3 Z4 Z5 Z6 Z7 Z8 Z9 Y10 Z11,16,WT_TMP_G0017
P1578,Z0,8,WT_TMP_G0009
P1579,Y1 Z2 Z3 Z4 Y5 Z7,49,WT_TMP_G0050
P1580,X3 Z4 Z5 Z6 Z7 Z8 X9 Z10,173,WT_TMP_G0174
P1581,X1 Z2 Z3 Z4 X5 X6 Z7 X8,226,WT_TMP_G0227
P1582,X3 Z4 Z6 Z7 Z8 X9,7,WT_TMP_G0008
P1583,X3 Z4 Z5 Z6 Z7 X9,7,WT_TMP_G0008
P1584,Z6 X9 Z10 X11,35,WT_TMP_G0036
P1585,X0 Z1 Z2 Z3 X4 X7 Z8 X9,574,WT_TMP_G0575
P1586,X0 X1 Y6 Y7,0,WT_TMP_G0001
P1587,Y0 Z2 Z3 Z4 Z5 Z6 Z7 Z8 Z9 Y10,16,WT_TMP_G0017
P1588,X3 Z4 Z5 Z6 Z7 Z8 X9 Z11,7,WT_TMP_G0008
P1589,Y0 Z1 Z2 Z3 Y4 X6 Z7 X8,172,WT_TMP_G0173
P1590,X2 Z3 Z4 Z5 X6 Z10,2,WT_TMP_G0003
P1591,Z7 Z11,7,WT_TMP_G0008
P1592,X2 Z3 Z4 Z5 X6 Y7 Z8 Z9 Z10 Y11,317,WT_TMP_G0318
P1593,X3 Z4 Z5 Z7 Z8 X9,7,WT_TMP_G0008
P1594,X1 Y2 Y6 Z7 Z8 Z9 Z10 X11,113,WT_TMP_G0114
P1595,Y7 Z8 Y9 Z10,24,WT_TMP_G0025
P1596,X5 X7,6,WT_TMP_G0007
P1597,Y0 Z1 Z2 Z3 Y4 X5 Z6 X7,19,WT_TMP_G0020
P1598,X7 Z9 Z10 X11,65,WT_TMP_G0066
P1599,X3 Z4 Z5 X6 X10 X11,353,WT_TMP_G0354
P1600,Y1 Z2 Y3 Y6 Z7 Z8 Z9 Y10,138,WT_TMP_G0139
P1601,X1 Z2 Z3 Z4 Z5 Z6 Z7 Y8 Y10 X11,403,WT_TMP_G0404
P1602,X3 Y4 Y9 X10,181,WT_TMP_G0182
P1603,Z4 Z5,2,WT_TMP_G0003
P1604,X1 Z2 Z3 Z4 Z5 X6 X10 X11,299,WT_TMP_G0300
P1605,X1 Z2 X3 Z5,20,WT_TMP_G0021
P1606,Z0 X5 Z6 X7,110,WT_TMP_G0111
P1607,X2 Z3 Z5 X6,2,WT_TMP_G0003
P1608,Z5 Z10,2,WT_TMP_G0003
P1609,Y3 Z4 Z5 Z6 Y7 Z9,13,WT_TMP_G0014
P1610,Y3 Y5,0,WT_TMP_G0001
P1611,Y1 Y2 X5 X6,6,WT_TMP_G0007
P1612,X1 Z2 Z3 Z4 X5 Z8,72,WT_TMP_G0073
P1613,X6 X7 Y8 Y9,6,WT_TMP_G0007
P1614,X1 Z3 Z4 Z5 Z6 X7,45,WT_TMP_G0046
P1615,Y0 Z1 Z2 Y3 Y9 Y10,90,WT_TMP_G0091
P1616,Z1 Z6,4,WT_TMP_G0005
P1617,Y0 Z1 Y2 Y6 Z7 Y8,424,WT_TMP_G0425
P1618,Y9 Y11,2,WT_TMP_G0003
P1619,Y2 Z3 Z4 Z5 Z6 Z7 Y8 Y9 Z10 Y11,463,WT_TMP_G0464
P1620,X0 Z1 Y2 Y4 Z5 Z6 Z7 Z8 Z9 X10,125,WT_TMP_G0126
P1621,Y0 Z1 Z2 Z3 Z4 Z5 Z7 Z8 Z9 Y10,16,WT_TMP_G0017
P1622,Y2 Z3 Y4 Z5,5,WT_TMP_G0006
P1623,X1 Z2 X3 X4 Z5 Z6 Z7 X8,522,WT_TMP_G0523
P1624,X1 Z2 Z3 Y4 Y6 X7,391,WT_TMP_G0392
P1625,Z1 Y2 Z3 Z4 Z5 Z6 Z7 Y8,35,WT_TMP_G0036
P1626,Y3 Z4 Z5 Z6 Z7 Z8 Z9 Z10 Y11,12,WT_TMP_G0013
P1627,Z1 X3 Z4 Z5 Z6 Z7 Z8 X9,7,WT_TMP_G0008
P1628,Y1 Z2 X3 X5 Z6 Z7 Z8 Z9 Z10 Y11,407,WT_TMP_G0408
P1629,X0 Z1 Z2 Z3 X4 Z8,117,WT_TMP_G0118
P1630,Y1 Z2 Z3 Z4 Z6 Y7,36,WT_TMP_G0037
P1631,Y1 Z3 Z4 Z5 Z6 Z7 Z8 Y9,220,WT_TMP_G0221
P1632,X6 Y7 Y8 X9,116,WT_TMP_G0117
P1633,Z3 Y6 Z7 Y8,5,WT_TMP_G0006
P1634,X2 Z3 Z4 Z5 X6 Y9 Z10 Y11,2,WT_TMP_G0003
P1635,Y0 Y1 X6 X7,108,WT_TMP_G0109
P1636,X1 Z2 Z3 Z4 Z5 Z6 Z7 Z8 Z10 X11,18,WT_TMP_G0019
P1637,X4 Z5 X6 Y8 Z9 Y10,217,WT_TMP_G0218
P1638,X0 Z1 X2 Z10,2,WT_TMP_G0003
P1639,Y2 Y4,5,WT_TMP_G0006
P1640,Y2 Z3 Y4 Y6 Z7 Y8,5,WT_TMP_G0006
P1641,Y2 Z3 Z4 Y5 X6 Z7 Z8 X9,139,WT_TMP_G0140
P1642,X1 Z2 Z3 Z4 X5 X6 Z7 Z8 Z9 X10,309,WT_TMP_G0310
P1643,Z1 Y9 Z10 Y11,2,WT_TMP_G0003
P1644,Y4 Z5 Z6 Z7 Z8 X9 X10 Y11,283,WT_TMP_G0284
P1645,X3 Z4 Z5 Z6 Z7 Y8 Y9 X10,71,WT_TMP_G0072
P1646,X3 Z4 X5 Z8,69,WT_TMP_G0070
P1647,Z3 Z7,2,WT_TMP_G0003
P1648,Y0 Z1 Z2 X3 X7 Z8 Z9 Y10,351,WT_TMP_G0352
P1649,Y3 Z4 Y5 Y7 Z8 Z9 Z10 Y11,0,WT_TMP_G0001
P1650,Y0 Z1 Z2 Z3 Z4 Z5 Y6 X8 Z9 X10,102,WT_TMP_G0103
P1651,Z0 Y9 Z10 Y11,59,WT_TMP_G0060
P1652,Y1 Z2 Z3 Z4 Y5 X8 Z9 X10,130,WT_TMP_G0131
P1653,Z4 Y5 Z6 Y7,23,WT_TMP_G0024
P1654,Y2 Z3 Y4 Z9,5,WT_TMP_G0006
P1655,Z1 X3 Z4 Z5 Z6 Z7 Z8 Z9 Z10 X11,4,WT_TMP_G0005
P1656,Z9 Z10,0,WT_TMP_G0001
P1657,X1 Y2 Y8 Z9 Z10 X11,124,WT_TMP_G0125
P1658,Y2 Z4 Z5 Y6,54,WT_TMP_G0055
P1659,Z8,0,WT_TMP_G0001
P1660,Y1 Z2 Z3 Z4 Y5,41,WT_TMP_G0042
P1661,X0 Z1 Z2 Z3 Y4 Y6 Z7 Z8 Z9 X10,537,WT_TMP_G0538
P1662,Y1 Z2 Y3 Z5,25,WT_TMP_G0026
P1663,Y0 Z1 Z2 Y3 X4 Z5 Z6 Z7 Z8 X9,429,WT_TMP_G0430
P1664,Y1 Z2 Z3 Z4 Z5 Y6 X7 X8,373,WT_TMP_G0374
P1665,Y2 Z3 Z4 Z5 Y6 Y7 Z8 Y9,189,WT_TMP_G0190
P1666,Y1 Z3 Z4 Y5,31,WT_TMP_G0032
P1667,Z8 Z10,0,WT_TMP_G0001
P1668,X5 Y6 Y9 X10,39,WT_TMP_G0040
P1669,Z7 Z9,4,WT_TMP_G0005
P1670,X0 Z1 Z2 Z3 Z4 Z5 X6 Y7 Z8 Z9 Z10 Y11,567,WT_TMP_G0568
P1671,Z7 Z10,2,WT_TMP_G0003
P1672,Z5 Y9 Z10 Y11,2,WT_TMP_G0003
P1673,Y2 Z3 Z4 Z5 Z6 X7 X10 Y11,340,WT_TMP_G0341
P1674,X1 Z2 Z3 Z4 Z5 Z6 Z7 Z8 Z9 X11,18,WT_TMP_G0019
P1675,Y0 Z1 X2 X4 Z5 Z6 Z7 Z8 Z9 Y10,458,WT_TMP_G0459
P1676,X0 Z1 Z2 X3 Y4 Z5 Z6 Z7 Z8 Z9 Z10 Y11,323,WT_TMP_G0324
P1677,Y3 Z4 Z6 Y7,13,WT_TMP_G0014
P1678,X1 Z2 Z3 Z4 X5 Y6 Z7 Y8,235,WT_TMP_G0236
P1679,Y2 Z3 Z4 Y6,54,WT_TMP_G0055
P1680,Z8 Z9,0,WT_TMP_G0001
P1681,Y4 X5 X6 Y7,3,WT_TMP_G0004
P1682,Z4 Y7 Z8 Z9 Z10 Y11,0,WT_TMP_G0001
P1683,Z1 X3 Z4 X5,39,WT_TMP_G0040
P1684,Y5 Z6 Y7 Z8,23,WT_TMP_G0024
P1685,Y6 Y8,5,WT_TMP_G0006
P1686,Y5 Z6 Y7 Z11,214,WT_TMP_G0215
P1687,Z3 X4 Z5 X6,94,WT_TMP_G0095
P1688,Z1 X6 Z7 X8,2,WT_TMP_G0003
P1689,Y2 Z3 Z4 Z5 Z6 Z7 Z8 Y9 X10 X11,220,WT_TMP_G0221
P1690,X2 Z3 Z4 Z5 X6 Z7,2,WT_TMP_G0003
P1691,Z0 Y4 Z5 Z6 Z7 Y8,29,WT_TMP_G0030
P1692,X2 Z3 Z4 Z5 Z6 Z7 Z8 X9 Y10 Y11,243,WT_TMP_G0244
P1693,Y1 Z2 Y3 Z7,25,WT_TMP_G0026
P1694,X3 Z4 Z5 Z6 Z7 Z9 Z10 X11,4,WT_TMP_G0005
P1695,Y4 Z5 Y6,5,WT_TMP_G0006
P1696,Y2 Z3 Z4 Z5 Y6 Y9 Z10 Y11,189,WT_TMP_G0190
P1697,Z3 Z5,2,WT_TMP_G0003
P1698,Y5 Y7,0,WT_TMP_G0001
P1699,X0 Z1 Z2 Z3 Z4 Z5 X6,24,WT_TMP_G0025
P1700,Y2 Z3 Z4 Z5 Z6 Z7 Z8 Y10,165,WT_TMP_G0166
P1701,X1 Z2 X3 X9 Z10 X11,86,WT_TMP_G0087
P1702,Z2 Y4 Z5 Z6 Z7 Y8,29,WT_TMP_G0030
P1703,Y2 Z3 Y4 Y5 Z6 Z7 Z8 Y9,26,WT_TMP_G0027
P1704,Y1 Y2 X7 X8,108,WT_TMP_G0109
P1705,Y2 Z3 Z5 Y6,5,WT_TMP_G0006
P1706,X1 Z2 X3 Y5 Z6 Z7 Z8 Y9,447,WT_TMP_G0448
P1707,X1 Z2 Z3 Z4 Z5 Y6 Y7 X8,163,WT_TMP_G0164
P1708,X0 Z1 X2 Y9 Z10 Y11,2,WT_TMP_G0003
P1709,Y2 X3 X5 Z6 Z7 Y8,260,WT_TMP_G0261
P1710,Z0 Y6 Z7 Y8,14,WT_TMP_G0015
P1711,Y1 X2 X7 Y8,218,WT_TMP_G0219
P1712,Y4 Z5 Z6 Z7 Y8 Z11,29,WT_TMP_G0030
P1713,Y1 Z2 Y3 Z8,34,WT_TMP_G0035
P1714,X0 Z1 Z2 X3 Y8 Z9 Z10 Y11,3,WT_TMP_G0004
P1715,Y2 Z3 Z4 X5 X6 Z7 Z8 Y9,213,WT_TMP_G0214
P1716,Z1 Z10,2,WT_TMP_G0003
P1717,Y1 Y2 X3 X4,6,WT_TMP_G0007
P1718,X2 Z3 Z4 Z5 Z6 Z7 X8 Z10,59,WT_TMP_G0060
P1719,Z6 Z11,7,WT_TMP_G0008
P1720,X3 Y4 Y6 Z7 Z8 X9,199,WT_TMP_G0200
P1721,X4 X5 X9 X10,68,WT_TMP_G0069
P1722,Z0 Y1 Z2 Z3 Z4 Z5 Z6 Z7 Z8 Z9 Z10 Y11,174,WT_TMP_G0175
P1723,X2 Z3 Z4 Y5 Y8 X9,103,WT_TMP_G0104
P1724,Y0 X1 X2 Z3 Z4 Z5 Z6 Z7 Z8 Y9,74,WT_TMP_G0075
P1725,Z1 Z8,1,WT_TMP_G0002
P1726,X3 X4 X6 X7,1,WT_TMP_G0002
P1727,Y1 Z2 Y3 X9 Z10 X11,56,WT_TMP_G0057
P1728,X4 Z6 Z7 X8,22,WT_TMP_G0023
P1729,Y7 Z8 Z9 Z10 Y11,0,WT_TMP_G0001
P1730,X2 Y3 Y8 Z9 Z10 X11,270,WT_TMP_G0271
P1731,X0 Z1 Z2 Z3 Z4 X5 Y6 Y7,196,WT_TMP_G0197
P1732,Y1 Z2 Z3 Z4 Z5 Y7,36,WT_TMP_G0037
P1733,X6 Z7 X8 Z10,2,WT_TMP_G0003
P1734,X0 Z1 Z2 Z3 X4 X6 Z7 Z8 Z9 X10,222,WT_TMP_G0223
P1735,Y1 Z2 Y3 Y9 Z10 Y11,147,WT_TMP_G0148
P1736,Y0 Y1 X2 X3,15,WT_TMP_G0016
P1737,X2 Y3 Y4 Z5 Z6 Z7 Z8 X9,527,WT_TMP_G0528
P1738,X0 Z1 X2 Y5 Z6 Y7,80,WT_TMP_G0081
P1739,Z10,0,WT_TMP_G0001
P1740,Z1 X3 Z4 Z5 Z6 X7,123,WT_TMP_G0124
P1741,Y7 Z8 Z9 Y11,0,WT_TMP_G0001
P1742,X0 Z1 Z2 Z3 Z4 Z6 Z7 Z8 Z9 X10,154,WT_TMP_G0155
P1743,Y0 Z1 Z2 Z3 Y4 Y6 Z7 Y8,455,WT_TMP_G0456
P1744,Z4 Z8,0,WT_TMP_G0001
P1745,X0 Z1 Z2 Z3 Z4 Z5 Z6 X8,37,WT_TMP_G0038
P1746,Z1 Y7 Z8 Z9 Z10 Y11,80,WT_TMP_G0081
P1747,X3 Y4 Y5 Z6 Z7 Z8 Z9 X10,400,WT_TMP_G0401
P1748,X3 Z4 Z5 Z6 X7 X8 Z9 X10,405,WT_TMP_G0406
P1749,X1 Z2 Z3 Z4 Z5 Z6 Z7 X8 X10 X11,367,WT_TMP_G0368
P1750,Y1 Z2 Z3 Z4 Z5 Z6 Y7 Y9 Z10 Y11,379,WT_TMP_G0380
P1751,Y2 Z3 Z4 Y5 Y7 Y8,116,WT_TMP_G0117
P1752,Y2 Z3 Y4 Z8,26,WT_TMP_G0027
P1753,Z0 X6 Z7 X8,60,WT_TMP_G0061
P1754,Y3 Z4 Y5 X7 Z8 Z9 Z10 X11,209,WT_TMP_G0210
P1755,Y8 X9 X10 Y11,25,WT_TMP_G0026
P1756,X2 X3 X5 Z6 Z7 X8,492,WT_TMP_G0493
P1757,X3 Z4 Z5 Y6 Y7 X8,372,WT_TMP_G0373
P1758,X0 Y1 Y8 Z9 Z10 X11,5,WT_TMP_G0006
P1759,X0 Z1 Z2 Z4 Z5 Z6 Z7 X8,37,WT_TMP_G0038
P1760,Z4 Z10,0,WT_TMP_G0001
P1761,Y5 Y6 Y8 Z9 Z10 Y11,143,WT_TMP_G0144
P1762,Z0 Y8 Z9 Y10,29,WT_TMP_G0030
P1763,Y0 Z1 Z2 Z3 Z4 X5 X8 Y9,141,WT_TMP_G0142
P1764,X3 Z4 Z5 Z6 Z7 Z8 Z10 X11,4,WT_TMP_G0005
P1765,X4 Z5 Z6 X7 Y10 Y11,129,WT_TMP_G0130
P1766,X0 Y1 Y6 Z7 Z8 X9,251,WT_TMP_G0252
P1767,Y2 Z3 Y4,5,WT_TMP_G0006
P1768,Y1 Z2 Z3 Z4 Y5 X6 Z7 X8,497,WT_TMP_G0498
P1769,Y1 Z2 X3 X7 Z8 Y9,303,WT_TMP_G0304
P1770,Z3 X6 Z7 X8,2,WT_TMP_G0003
P1771,Y0 Z1 Z2 Z3 Z4 Y5 X6 X7,178,WT_TMP_G0179
P1772,Y1 Z2 Z3 Z4 Z5 Z6 Y7 X9 Z10 X11,36,WT_TMP_G0037
P1773,X0 Z1 Z2 Z3 Z4 Z5 X6 Y9 Z10 Y11,24,WT_TMP_G0025
P1774,Y3 Z5 Z6 Y7,13,WT_TMP_G0014
P1775,X1 Z2 Z3 Z4 Z5 Z6 Z7 X9,83,WT_TMP_G0084
P1776,X0 Z1 X2 X6 Z7 Z8 Z9 X10,190,WT_TMP_G0191
P1777,Z2 X9 Z10 X11,36,WT_TMP_G0037
P1778,Z0 Y5 Z6 Y7,27,WT_TMP_G0028
P1779,Y7 Z8 Y9,23,WT_TMP_G0024
P1780,X2 Z3 Z4 Z6 Z7 X8,59,WT_TMP_G0060
P1781,X0 X1 X3 Z4 Z5 Z6 Z7 X8,366,WT_TMP_G0367
P1782,X1 Z3 Z4 Z5 Z6 Z7 Z8 Z9 Z10 X11,18,WT_TMP_G0019
P1783,Z5 Z9,1,WT_TMP_G0002
P1784,Z1 X7 Z8 Z9 Z10 X11,94,WT_TMP_G0095
P1785,Y2 Z3 Y4 Z7,5,WT_TMP_G0006
P1786,Y1 Z2 Z3 Z4 Z5 Z6 Z7 Z8 Y9 Z10,229,WT_TMP_G0230
P1787,Y2 Z3 Z4 Z5 Y6 Z8,54,WT_TMP_G0055
P1788,X7 Z8 Z10 X11,86,WT_TMP_G0087
P1789,X1 Z2 Z3 Z4 Z6 Z7 Z8 Z9 Z10 X11,18,WT_TMP_G0019
P1790,Y4 Z5 Y6 Y9 Z10 Y11,33,WT_TMP_G0034
P1791,X1 X2 Y5 Y6,0,WT_TMP_G0001
P1792,Y2 Y3 X6 Z7 Z8 Z9 Z10 X11,375,WT_TMP_G0376
P1793,Z1 Z9,1,WT_TMP_G0002
P1794,Y1 Z2 Y3 Y5 Z6 Z7 Z8 Z9 Z10 Y11,105,WT_TMP_G0106
P1795,Z9,0,WT_TMP_G0001
P1796,X1 Z2 X3 Y6 Z7 Y8,231,WT_TMP_G0232
P1797,X0 Z1 Z2 Y3 Y4 Z5 Z6 Z7 Z8 X9,283,WT_TMP_G0284
P1798,Y1 Z2 Z4 Y5,41,WT_TMP_G0042
P1799,Y7 Z9 Z10 Y11,0,WT_TMP_G0001
P1800,X3 Z4 Z5 Z6 Z7 Z8 Z9 Z10 X11,4,WT_TMP_G0005
P1801,X0 Z1 X2,2,WT_TMP_G0003
P1802,Y2 Z4 Z5 Z6 Z7 Z8 Z9 Y10,241,WT_TMP_G0242
P1803,Y1 Z2 Z3 X4 X8 Y9,559,WT_TMP_G0560
P1804,Y1 Y2 Y4 Z5 Z6 Y7,73,WT_TMP_G0074
P1805,Z1 Z3,2,WT_TMP_G0003
P1806,Y3 Z4 Z5 Z6 Y7 Z10,221,WT_TMP_G0222
P1807,X0 Z1 X2 X7 Z8 X9,123,WT_TMP_G0124
P1808,Y0 Z1 Z2 Z3 Y4 X7 Z8 Z9 Z10 X11,485,WT_TMP_G0486
P1809,X0 Z1 Z2 Z4 Z5 X6,24,WT_TMP_G0025
P1810,Y3 Z4 Y5,0,WT_TMP_G0001
P1811,Y0 Z1 Z2 Z3 Z4 Z5 Z6 Z7 Y8 Y9 Z10 Y11,88,WT_TMP_G0089
P1812,Y0 Z1 Z2 Z3 Z4 X5 X8 Z9 Z10 Y11,543,WT_TMP_G0544
P1813,Y4 Z5 Z6 Y7 X10 X11,191,WT_TMP_G0192
P1814,Y1 Z2 Z3 Z4 Y5 Y9 Z10 Y11,497,WT_TMP_G0498
P1815,X2 Z3 X4 Z11,85,WT_TMP_G0086
P1816,X2 Y3 Y6 Z7 Z8 Z9 Z10 X11,419,WT_TMP_G0420
P1817,Y2 X3 X6 Z7 Z8 Z9 Z10 Y11,418,WT_TMP_G0419
P1818,Z8 Z11,1,WT_TMP_G0002
